zeit	handle	seo_titel_alt	seo_desc_alt	seo_titel_neu	seo_desc_neu
2026-10-05T03:47Z	18k-vergoldete-halskette-mit-zirkonia-604900	"18k vergoldete Halskette mit Zirkonia | LuxeStyle CH"	"18k vergoldete Halskette mit Zirkonia – der Trend-Hit bei LuxeStyle Schweiz."	"18k vergoldete Halskette mit Zirkonia | LuxeStyle CH"	"18k vergoldete Halskette mit Zirkonia – jetzt bei LuxeStyle Schweiz. Gratis-Versand ab CHF 50, 30 Tage Rückgabe."
2026-10-05T03:47Z	amerikanischer-adler-in-garten-610900	"Amerikanischer Adler in Garten | LuxeStyle CH"	"Amerikanischer Adler in Garten – der Trend-Hit bei LuxeStyle Schweiz."	"Amerikanischer Adler in Garten | LuxeStyle CH"	"Amerikanischer Adler in Garten – jetzt bei LuxeStyle Schweiz. Gratis-Versand ab CHF 50, 30 Tage Rückgabe."
2026-10-05T03:47Z	augen-massager-852034	"Augen-Massager | LuxeStyle CH"	"Augen-Massager – der Trend-Hit bei LuxeStyle Schweiz."	"Augen-Massager | LuxeStyle CH"	"Augen-Massager – jetzt bei LuxeStyle Schweiz. Gratis-Versand ab CHF 50, 30 Tage Rückgabe."
2026-10-05T03:47Z	baby-stroller-organizer-a3097b	"Baby-Stroller- Organizer | LuxeStyle CH"	"Baby-Stroller- Organizer – der Trend-Hit bei LuxeStyle Schweiz."	"Kinderwagen-Organizer mit Flaschenhalter | LuxeStyle CH"	"Kinderwagen-Organizer mit Flaschenhalter – jetzt bei LuxeStyle Schweiz. Gratis-Versand ab CHF 50, 30 Tage Rückgabe."
2026-10-05T03:47Z	bandercollar-fur-katzen-und-hunde-168448	"Bändercollar für Katzen und Hunde | LuxeStyle CH"	"Bändercollar für Katzen und Hunde – bei LuxeStyle Schweiz. Gratis-Versand ab CHF 50, 30 Tage Rückgabe."	"Bändercollar für Katzen und Hunde | LuxeStyle CH"	"Bändercollar für Katzen und Hunde – jetzt bei LuxeStyle Schweiz. Gratis-Versand ab CHF 50, 30 Tage Rückgabe."
2026-10-05T03:48Z	dunnsolahen-flipflops-633500	"Dünnsolahen Flipflops | LuxeStyle CH"	"Dünnsolahen Flipflops – der Trend-Hit bei LuxeStyle Schweiz."	"Plateau-Flipflops mit Sternnieten | LuxeStyle CH"	"Plateau-Flipflops mit Sternnieten – jetzt bei LuxeStyle Schweiz. Gratis-Versand ab CHF 50, 30 Tage Rückgabe."
2026-10-05T03:48Z	edelstahl-wassersportflasche-636400	"Edelstahl-Wassersportflasche | LuxeStyle CH"	"Edelstahl-Wassersportflasche – der Trend-Hit bei LuxeStyle Schweiz."	"Edelstahl-Wassersportflasche | LuxeStyle CH"	"Edelstahl-Wassersportflasche – jetzt bei LuxeStyle Schweiz. Gratis-Versand ab CHF 50, 30 Tage Rückgabe."
2026-10-05T03:48Z	faltenhundebett-aus-kunststoff-622800	"Faltenhundebett aus Kunststoff | LuxeStyle CH"	"Faltenhundebett aus Kunststoff – der Trend-Hit bei LuxeStyle Schweiz."	"Faltbarer Hundenapf mit Tragerahmen | LuxeStyle CH"	"Faltbarer Hundenapf mit Tragerahmen – jetzt bei LuxeStyle Schweiz. Gratis-Versand ab CHF 50, 30 Tage Rückgabe."
2026-10-05T03:48Z	farbenprachtiges-blutenanhanger-schal-kettchen-628000	"Farbenprächtiges Blütenanhänger-Schal-Kettchen | LuxeStyle CH"	"Farbenprächtiges Blütenanhänger-Schal-Kettchen – der Trend-Hit bei LuxeStyle Schweiz."	"Farbenprächtiges Blütenanhänger-Schal-Kettchen | LuxeStyle CH"	"Farbenprächtiges Blütenanhänger-Schal-Kettchen – jetzt bei LuxeStyle Schweiz. Gratis-Versand ab CHF 50, 30 Tage Rückgabe."
2026-10-05T03:48Z	gepacktasche-fur-alltags-631700	"Gepäcktasche für Alltags | LuxeStyle CH"	"Gepäcktasche für Alltags – der Trend-Hit bei LuxeStyle Schweiz."	"Gepäcktasche für Alltags | LuxeStyle CH"	"Gepäcktasche für Alltags – jetzt bei LuxeStyle Schweiz. Gratis-Versand ab CHF 50, 30 Tage Rückgabe."
2026-10-05T03:48Z	gold-diamanten-haarspange-620700	"Gold-Diamanten Haarspange | LuxeStyle CH"	"Gold-Diamanten Haarspange – der Trend-Hit bei LuxeStyle Schweiz."	"Haarspangen-Set goldfarben mit Strass-Sternen · 3 Stück | LuxeStyle CH"	"Haarspangen-Set goldfarben mit Strass-Sternen · 3 Stück – jetzt bei LuxeStyle Schweiz. Gratis-Versand ab CHF 50, 30 Tage Rückgabe."
2026-10-05T03:48Z	gold-schmuckstein-ring-626000	"Gold Schmuckstein-Ring | LuxeStyle CH"	"Gold Schmuckstein-Ring – der Trend-Hit bei LuxeStyle Schweiz."	"Gold Schmuckstein-Ring | LuxeStyle CH"	"Gold Schmuckstein-Ring – jetzt bei LuxeStyle Schweiz. Gratis-Versand ab CHF 50, 30 Tage Rückgabe."
2026-10-05T03:48Z	herz-ohrringe-442626	"Herz Ohrringe | LuxeStyle CH"	"Herz Ohrringe – der Trend-Hit bei LuxeStyle Schweiz."	"Herz Ohrringe | LuxeStyle CH"	"Herz Ohrringe – jetzt bei LuxeStyle Schweiz. Gratis-Versand ab CHF 50, 30 Tage Rückgabe."
2026-10-05T03:48Z	herz-schmuck-link-628800	"Herz-Schmuck-Link | LuxeStyle CH"	"Herz-Schmuck-Link – der Trend-Hit bei LuxeStyle Schweiz."	"Herz-Gliederkette mit Strass, 10 mm | LuxeStyle CH"	"Herz-Gliederkette mit Strass, 10 mm – jetzt bei LuxeStyle Schweiz. Gratis-Versand ab CHF 50, 30 Tage Rückgabe."
2026-10-05T03:48Z	herz-schmuck-set-798018	"Herz-Schmuck-Set | LuxeStyle CH"	"Herz-Schmuck-Set – der Trend-Hit bei LuxeStyle Schweiz."	"Herz-Schmuck-Set | LuxeStyle CH"	"Herz-Schmuck-Set – jetzt bei LuxeStyle Schweiz. Gratis-Versand ab CHF 50, 30 Tage Rückgabe."
2026-10-05T03:48Z	initial-buchstaben-ring-1e5e9a	"Initial-Buchstaben-Ring | LuxeStyle CH"	"Initial-Buchstaben-Ring – der Trend-Hit bei LuxeStyle Schweiz."	"Initial-Buchstaben-Ring | LuxeStyle CH"	"Initial-Buchstaben-Ring – jetzt bei LuxeStyle Schweiz. Gratis-Versand ab CHF 50, 30 Tage Rückgabe."
2026-10-05T03:48Z	kalter-bierbecher-294274	null	"Kalter Bierbecher – bei LuxeStyle Schweiz. Gratis-Versand ab CHF 50, 30 Tage Rückgabe."	"Kalter Bierbecher | LuxeStyle CH"	"Kalter Bierbecher – jetzt bei LuxeStyle Schweiz. Gratis-Versand ab CHF 50, 30 Tage Rückgabe."
2026-10-05T03:48Z	keramik-perlenkette-in-goldenem-finish-638100	"Keramik-Perlenkette in goldenem Finish | LuxeStyle CH"	"Keramik-Perlenkette in goldenem Finish – der Trend-Hit bei LuxeStyle Schweiz."	"Perlenkette mit Blüten und Seestern-Anhänger, goldfarben | LuxeStyle"	"Perlenkette mit Blüten und Seestern-Anhänger, goldfarben – jetzt bei LuxeStyle Schweiz. Gratis-Versand ab CHF 50, 30 Tage Rückgabe."
2026-10-05T03:48Z	kreuzanhanger-607100	"Kreuzanhänger | LuxeStyle CH"	"Kreuzanhänger – der Trend-Hit bei LuxeStyle Schweiz."	"Kreuzanhänger | LuxeStyle CH"	"Kreuzanhänger – jetzt bei LuxeStyle Schweiz. Gratis-Versand ab CHF 50, 30 Tage Rückgabe."
2026-10-05T03:48Z	kuechenloeffel-set-113792	"Kuechenloeffel-Set | LuxeStyle CH"	"Kuechenloeffel-Set – der Trend-Hit bei LuxeStyle Schweiz."	"Küchenhelfer-Set · 5-teilig, antihaft-geeignet | LuxeStyle CH"	"Küchenhelfer-Set · 5-teilig, antihaft-geeignet – jetzt bei LuxeStyle Schweiz. Gratis-Versand ab CHF 50, 30 Tage Rückgabe."
2026-10-05T03:48Z	leder-tote-188993	"Leder-Tote | LuxeStyle CH"	"Leder-Tote – der Trend-Hit bei LuxeStyle Schweiz."	"Handtasche mit Schulterriemen und Reissverschluss, braun | LuxeStyle"	"Handtasche mit Schulterriemen und Reissverschluss, braun – jetzt bei LuxeStyle Schweiz. Gratis-Versand ab CHF 50, 30 Tage Rückgabe."
2026-10-05T03:48Z	leder-unterarmtasche-624770	"Leder-Unterarmtasche | LuxeStyle CH"	"Leder-Unterarmtasche – der Trend-Hit bei LuxeStyle Schweiz."	"Gesteppte Unterarmtasche mit Kettengurt, schwarz | LuxeStyle CH"	"Gesteppte Unterarmtasche mit Kettengurt, schwarz – jetzt bei LuxeStyle Schweiz. Gratis-Versand ab CHF 50, 30 Tage Rückgabe."
2026-10-05T03:48Z	leopard-print-kleid-617900	"Leopard-Print-Kleid | LuxeStyle CH"	"Leopard-Print-Kleid – der Trend-Hit bei LuxeStyle Schweiz."	"Leopard-Print-Kleid | LuxeStyle CH"	"Leopard-Print-Kleid – jetzt bei LuxeStyle Schweiz. Gratis-Versand ab CHF 50, 30 Tage Rückgabe."
2026-10-05T03:48Z	liebeshalskette-0bb6ab	"Liebeshalskette | LuxeStyle CH"	"Liebeshalskette – der Trend-Hit bei LuxeStyle Schweiz."	"Liebeshalskette | LuxeStyle CH"	"Liebeshalskette – jetzt bei LuxeStyle Schweiz. Gratis-Versand ab CHF 50, 30 Tage Rückgabe."
2026-10-05T03:48Z	nickel-batterie-set-370368	"Nickel-Batterie-Set | LuxeStyle CH"	"Nickel-Batterie-Set – bei LuxeStyle Schweiz. Gratis-Versand ab CHF 50, 30 Tage Rückgabe."	"Nickel-Batterie-Set | LuxeStyle CH"	"Nickel-Batterie-Set – jetzt bei LuxeStyle Schweiz. Gratis-Versand ab CHF 50, 30 Tage Rückgabe."
2026-10-05T03:48Z	perlenring-606900	"Perlenring | LuxeStyle CH"	"Perlenring – der Trend-Hit bei LuxeStyle Schweiz."	"Perlenring | LuxeStyle CH"	"Perlenring – jetzt bei LuxeStyle Schweiz. Gratis-Versand ab CHF 50, 30 Tage Rückgabe."
2026-10-05T03:48Z	pudel-kissen-bettdecke-628400	"Pudel-Kissen-Bettdecke | LuxeStyle CH"	"Pudel-Kissen-Bettdecke – der Trend-Hit bei LuxeStyle Schweiz."	"Plüschkissen in Hundeform | LuxeStyle CH"	"Plüschkissen in Hundeform – jetzt bei LuxeStyle Schweiz. Gratis-Versand ab CHF 50, 30 Tage Rückgabe."
2026-10-05T03:48Z	salatdrainer-fur-obstsalate-617100	"Salatdrainer für Obstsalate | LuxeStyle CH"	"Salatdrainer für Obstsalate – der Trend-Hit bei LuxeStyle Schweiz."	"Salatdrainer für Obstsalate | LuxeStyle CH"	"Salatdrainer für Obstsalate – jetzt bei LuxeStyle Schweiz. Gratis-Versand ab CHF 50, 30 Tage Rückgabe."
2026-10-05T03:48Z	schonheitsmaske-873665	"Schönheitsmaske | LuxeStyle CH"	"Schönheitsmaske – der Trend-Hit bei LuxeStyle Schweiz."	"Schönheitsmaske | LuxeStyle CH"	"Schönheitsmaske – jetzt bei LuxeStyle Schweiz. Gratis-Versand ab CHF 50, 30 Tage Rückgabe."
2026-10-05T03:48Z	schutzcover-fuer-fiat-schlussel-638900	"Schutzcover fuer Fiat-Schlüssel | LuxeStyle CH"	"Schutzcover fuer Fiat-Schlüssel – der Trend-Hit bei LuxeStyle Schweiz."	"Schutzhülle für Fiat-Schlüssel mit 3 Tasten | LuxeStyle CH"	"Schutzhülle für Fiat-Schlüssel mit 3 Tasten – jetzt bei LuxeStyle Schweiz. Gratis-Versand ab CHF 50, 30 Tage Rückgabe."
2026-10-05T03:48Z	schwarze-lederschuhe-fur-frauen-602200	"Schwarze Lederschuhe für Frauen | LuxeStyle CH"	"Schwarze Lederschuhe für Frauen – der Trend-Hit bei LuxeStyle Schweiz."	"Schwarze Schnürschuhe mit Blockabsatz für Frauen | LuxeStyle CH"	"Schwarze Schnürschuhe mit Blockabsatz für Frauen – jetzt bei LuxeStyle Schweiz. Gratis-Versand ab CHF 50, 30 Tage Rückgabe."
2026-10-05T03:48Z	sonnenschirm-augen-602700	"Sonnenschirm-Augen | LuxeStyle CH"	"Sonnenschirm-Augen – der Trend-Hit bei LuxeStyle Schweiz."	"Sonnenbrille mit UV-Schutz | LuxeStyle CH"	"Sonnenbrille mit UV-Schutz – jetzt bei LuxeStyle Schweiz. Gratis-Versand ab CHF 50, 30 Tage Rückgabe."
2026-10-05T03:48Z	stahlteestropfenfilter-160961	"Stahlteestropfenfilter | LuxeStyle CH"	"Stahlteestropfenfilter – der Trend-Hit bei LuxeStyle Schweiz."	"Edelstahl-Tee-Ei mit Deckel | LuxeStyle CH"	"Edelstahl-Tee-Ei mit Deckel – jetzt bei LuxeStyle Schweiz. Gratis-Versand ab CHF 50, 30 Tage Rückgabe."
2026-10-05T03:48Z	teufelsaugen-ohrhanger-622800	"Teufelsaugen-Ohrhänger | LuxeStyle CH"	"Teufelsaugen-Ohrhänger – der Trend-Hit bei LuxeStyle Schweiz."	"Teufelsaugen-Ohrhänger | LuxeStyle CH"	"Teufelsaugen-Ohrhänger – jetzt bei LuxeStyle Schweiz. Gratis-Versand ab CHF 50, 30 Tage Rückgabe."
2026-10-05T03:48Z	vintag-ohrstecker-278145	"Vintag-Ohrstecker | LuxeStyle CH"	"Vintag-Ohrstecker – der Trend-Hit bei LuxeStyle Schweiz."	"Vintage-Ohrstecker mit Zirkonia-Besatz, silberfarben | LuxeStyle CH"	"Vintage-Ohrstecker mit Zirkonia-Besatz, silberfarben – jetzt bei LuxeStyle Schweiz. Gratis-Versand ab CHF 50, 30 Tage Rückgabe."
2026-10-05T03:48Z	weisses-franzosisches-casual-shirt-611600	"Weisses Französisches Casual-Shirt | LuxeStyle CH"	"Weisses Französisches Casual-Shirt – der Trend-Hit bei LuxeStyle Schweiz."	"Weisses Französisches Casual-Shirt | LuxeStyle CH"	"Weisses Französisches Casual-Shirt – jetzt bei LuxeStyle Schweiz. Gratis-Versand ab CHF 50, 30 Tage Rückgabe."
2026-10-05T03:48Z	grauer-tuchbeutel-626100	"Grauer Tuchbeutel | LuxeStyle CH"	"Grauer Tuchbeutel – der Trend-Hit bei LuxeStyle Schweiz."	"Laptop-Hülle mit Klappe, grau | LuxeStyle CH"	"Laptop-Hülle mit Klappe, grau – jetzt bei LuxeStyle Schweiz. Gratis-Versand ab CHF 50, 30 Tage Rückgabe."
2026-10-05T03:49Z	diamant-tropfen-696386	"Diamant-Tropfen | LuxeStyle CH"	"Diamant-Tropfen – der Trend-Hit bei LuxeStyle Schweiz."	"Vintage-Ohrhänger mit farbigen Steinen und Perle, goldfarben"	"Vintage-Ohrhänger mit farbigen Steinen und Perle, goldfarben – jetzt bei LuxeStyle Schweiz. Gratis-Versand ab CHF 50, 30 Tage Rückgabe."
2026-10-05T03:49Z	gelenkte-3-in-1-ladestation-fur-smartphone-uhr-612100	"Gelenkte 3-in-1-Ladestation für Smartphone, Uhren & Airpods | LuxeStyl"	"Gelenkte 3-in-1-Ladestation für Smartphone, Uhren & Airpods – der Trend-Hit bei LuxeStyle Schweiz."	"Gelenkte 3-in-1-Ladestation für Smartphone, Uhren & Airpods"	"Gelenkte 3-in-1-Ladestation für Smartphone, Uhren & Airpods – jetzt bei LuxeStyle Schweiz. Gratis-Versand ab CHF 50, 30 Tage Rückgabe."
2026-10-05T03:49Z	haarklammer-frosch-625600	"Haarklammer Frosch | LuxeStyle CH"	"Haarklammer Frosch – der Trend-Hit bei LuxeStyle Schweiz."	"Haarspangen-Set goldfarben mit Schleife, Muschel und Seestern"	"Haarspangen-Set goldfarben mit Schleife, Muschel und Seestern – jetzt bei LuxeStyle Schweiz. Gratis-Versand ab CHF 50, 30 Tage Rückgabe."
2026-10-05T03:49Z	laufschuh-429632	null	"Laufschuh – bei LuxeStyle Schweiz. Gratis-Versand ab CHF 50, 30 Tage Rückgabe."	"Hohe Schnürschuhe mit Riemen, schwarz | LuxeStyle CH"	"Hohe Schnürschuhe mit Riemen, schwarz – jetzt bei LuxeStyle Schweiz. Gratis-Versand ab CHF 50, 30 Tage Rückgabe."
2026-10-05T03:49Z	laufschuh-429632	null	"Laufschuh – bei LuxeStyle Schweiz. Gratis-Versand ab CHF 50, 30 Tage Rückgabe."	"Hohe Schnürschuhe mit Riemen, schwarz | LuxeStyle CH"	"Hohe Schnürschuhe mit Riemen, schwarz – jetzt bei LuxeStyle Schweiz. Gratis-Versand ab CHF 50, 30 Tage Rückgabe."
2026-10-05T03:50Z	acryl-tabaktopf-fur-shisha-611400	"Acryl-Tabaktopf für Shisha (18+) | LuxeStyle"	"Acryl-Tabaktopf für Shisha – Raucher-/Dreh-Zubehör für Erwachsene. Nur ab 18 Jahren."	"Shisha-Set aus Acryl mit LED-Ring und Fernbedienung (18+) | LuxeStyle"	"Shisha-Set aus Acryl mit LED-Ring und Fernbedienung – Raucher-/Dreh-Zubehör für Erwachsene. Nur ab 18 Jahren."
2026-10-05T03:50Z	shisha-ventil-rennversion-602100	"Shisha-Ventil Rennversion (18+) | LuxeStyle"	"Shisha-Ventil Rennversion – Raucher-/Dreh-Zubehör für Erwachsene. Nur ab 18 Jahren."	"Shisha mit Glasbasis, gelb – Rennversion (18+) | LuxeStyle"	"Shisha mit Glasbasis, gelb – Rennversion – Raucher-/Dreh-Zubehör für Erwachsene. Nur ab 18 Jahren."
2026-10-05T03:50Z	kartenschmuck-armband-629300	"Kartenschmuck-Armband | LuxeStyle CH"	"Kartenschmuck-Armband – der Trend-Hit bei LuxeStyle Schweiz."	"Charm-Anhänger Spielkarte König | LuxeStyle CH"	"Charm-Anhänger Spielkarte König – jetzt bei LuxeStyle Schweiz. Gratis-Versand ab CHF 50, 30 Tage Rückgabe."
2026-10-05T03:50Z	sonnenschutzpullover-mit-kragen-und-kurzarmel-629700	"Sonnenschutzpullover mit Kragen und Kurzärmel | LuxeStyle CH"	"Sonnenschutzpullover mit Kragen und Kurzärmel – der Trend-Hit bei LuxeStyle Schweiz."	"Poloshirt mit Kragen und Kurzarm | LuxeStyle CH"	"Poloshirt mit Kragen und Kurzarm – jetzt bei LuxeStyle Schweiz. Gratis-Versand ab CHF 50, 30 Tage Rückgabe."
2026-10-05T03:50Z	mini-chiffon-rockedress-605900	"Mini-Chiffon-Rockedress | LuxeStyle CH"	"Mini-Chiffon-Rockedress – der Trend-Hit bei LuxeStyle Schweiz."	"Langes Off-Shoulder-Kleid, schwarz | LuxeStyle CH"	"Langes Off-Shoulder-Kleid, schwarz – jetzt bei LuxeStyle Schweiz. Gratis-Versand ab CHF 50, 30 Tage Rückgabe."
2026-10-05T03:50Z	goldgarnitur-mit-klangkette-634400	"Goldgarnitur mit Klangkette | LuxeStyle CH"	"Goldgarnitur mit Klangkette – der Trend-Hit bei LuxeStyle Schweiz."	"Ohrhänger mit Kettenfransen, goldfarben | LuxeStyle CH"	"Ohrhänger mit Kettenfransen, goldfarben – jetzt bei LuxeStyle Schweiz. Gratis-Versand ab CHF 50, 30 Tage Rückgabe."
2026-10-05T03:50Z	schokoladen-ohrring-haarstecker-609700	"Schokoladen-Ohrring-Haarstecker | LuxeStyle CH"	"Schokoladen-Ohrring-Haarstecker – der Trend-Hit bei LuxeStyle Schweiz."	"Haarspange Herz-Keks | LuxeStyle CH"	"Haarspange Herz-Keks – jetzt bei LuxeStyle Schweiz. Gratis-Versand ab CHF 50, 30 Tage Rückgabe."
2026-10-05T03:50Z	langlebige-gelnageldarme-612400	"Langlebige Gelnageldärme | LuxeStyle CH"	"Langlebige Gelnageldärme – der Trend-Hit bei LuxeStyle Schweiz."	"Künstliche Nägel zum Aufkleben mit Glitzer | LuxeStyle CH"	"Künstliche Nägel zum Aufkleben mit Glitzer – jetzt bei LuxeStyle Schweiz. Gratis-Versand ab CHF 50, 30 Tage Rückgabe."
2026-10-05T03:50Z	starkenhimmel-wandlampe-609100	"Stärkenhimmel-Wandlampe | LuxeStyle CH"	"Stärkenhimmel-Wandlampe – der Trend-Hit bei LuxeStyle Schweiz."	"Sternenhimmel-Projektor mit USB | LuxeStyle CH"	"Sternenhimmel-Projektor mit USB – jetzt bei LuxeStyle Schweiz. Gratis-Versand ab CHF 50, 30 Tage Rückgabe."
2026-10-05T03:50Z	damen-sonnenschutz-trenchcoat-626300	"Damen-Sonnenschutz-Trenchcoat | LuxeStyle CH"	"Damen-Sonnenschutz-Trenchcoat – der Trend-Hit bei LuxeStyle Schweiz."	"Leichter Überwurf mit Punkten, transparent | LuxeStyle CH"	"Leichter Überwurf mit Punkten, transparent – jetzt bei LuxeStyle Schweiz. Gratis-Versand ab CHF 50, 30 Tage Rückgabe."
2026-10-05T03:50Z	hohe-pumps-aus-suede-603600	"Hohe Pumps aus Suede | LuxeStyle CH"	"Hohe Pumps aus Suede – der Trend-Hit bei LuxeStyle Schweiz."	"Pantoletten mit Absatz aus Suede | LuxeStyle CH"	"Pantoletten mit Absatz aus Suede – jetzt bei LuxeStyle Schweiz. Gratis-Versand ab CHF 50, 30 Tage Rückgabe."
2026-10-05T03:50Z	thick-soled-frauen-slipper-632800	"Thick soled Frauen-Slipper | LuxeStyle CH"	"Thick soled Frauen-Slipper – der Trend-Hit bei LuxeStyle Schweiz."	"Plateau-Pantoletten mit Kreuzriemen | LuxeStyle CH"	"Plateau-Pantoletten mit Kreuzriemen – jetzt bei LuxeStyle Schweiz. Gratis-Versand ab CHF 50, 30 Tage Rückgabe."
2026-10-05T03:52Z	schonheitsmaske-873665	"Schönheitsmaske | LuxeStyle CH"	"Schönheitsmaske – der Trend-Hit bei LuxeStyle Schweiz."	"Schönheitsmaske | LuxeStyle CH"	"Schönheitsmaske – jetzt bei LuxeStyle Schweiz. Gratis-Versand ab CHF 50, 30 Tage Rückgabe."
2026-10-05T03:52Z	augen-massager-852034	"Augen-Massager | LuxeStyle CH"	"Augen-Massager – der Trend-Hit bei LuxeStyle Schweiz."	"Augen-Massager | LuxeStyle CH"	"Augen-Massager – jetzt bei LuxeStyle Schweiz. Gratis-Versand ab CHF 50, 30 Tage Rückgabe."
2026-10-05T03:52Z	gepacktasche-fur-alltags-631700	"Gepäcktasche für Alltags | LuxeStyle CH"	"Gepäcktasche für Alltags – der Trend-Hit bei LuxeStyle Schweiz."	"Gepäcktasche für Alltags | LuxeStyle CH"	"Gepäcktasche für Alltags – jetzt bei LuxeStyle Schweiz. Gratis-Versand ab CHF 50, 30 Tage Rückgabe."
2026-10-05T03:53Z	kalter-bierbecher-294274	null	"Kalter Bierbecher – bei LuxeStyle Schweiz. Gratis-Versand ab CHF 50, 30 Tage Rückgabe."	"Kalter Bierbecher | LuxeStyle CH"	"Kalter Bierbecher – jetzt bei LuxeStyle Schweiz. Gratis-Versand ab CHF 50, 30 Tage Rückgabe."
2026-10-05T03:53Z	salatdrainer-fur-obstsalate-617100	"Salatdrainer für Obstsalate | LuxeStyle CH"	"Salatdrainer für Obstsalate – der Trend-Hit bei LuxeStyle Schweiz."	"Salatdrainer für Obstsalate | LuxeStyle CH"	"Salatdrainer für Obstsalate – jetzt bei LuxeStyle Schweiz. Gratis-Versand ab CHF 50, 30 Tage Rückgabe."
2026-10-05T03:53Z	schutzcover-fuer-fiat-schlussel-638900	"Schutzcover fuer Fiat-Schlüssel | LuxeStyle CH"	"Schutzcover fuer Fiat-Schlüssel – der Trend-Hit bei LuxeStyle Schweiz."	"Schutzhülle für Fiat-Schlüssel mit 3 Tasten | LuxeStyle CH"	"Schutzhülle für Fiat-Schlüssel mit 3 Tasten – jetzt bei LuxeStyle Schweiz. Gratis-Versand ab CHF 50, 30 Tage Rückgabe."
2026-10-05T03:53Z	kreuzanhanger-607100	"Kreuzanhänger | LuxeStyle CH"	"Kreuzanhänger – der Trend-Hit bei LuxeStyle Schweiz."	"Kreuzanhänger | LuxeStyle CH"	"Kreuzanhänger – jetzt bei LuxeStyle Schweiz. Gratis-Versand ab CHF 50, 30 Tage Rückgabe."
2026-10-05T03:53Z	pudel-kissen-bettdecke-628400	"Pudel-Kissen-Bettdecke | LuxeStyle CH"	"Pudel-Kissen-Bettdecke – der Trend-Hit bei LuxeStyle Schweiz."	"Plüschkissen in Hundeform | LuxeStyle CH"	"Plüschkissen in Hundeform – jetzt bei LuxeStyle Schweiz. Gratis-Versand ab CHF 50, 30 Tage Rückgabe."
2026-10-05T03:53Z	grauer-tuchbeutel-626100	"Grauer Tuchbeutel | LuxeStyle CH"	"Grauer Tuchbeutel – der Trend-Hit bei LuxeStyle Schweiz."	"Laptop-Hülle mit Klappe, grau | LuxeStyle CH"	"Laptop-Hülle mit Klappe, grau – jetzt bei LuxeStyle Schweiz. Gratis-Versand ab CHF 50, 30 Tage Rückgabe."
2026-10-05T06:37Z	haarklammer-frosch-625600	null	"Haarspangen-Set goldfarben mit Schleife, Muschel und Seestern – jetzt bei LuxeStyle Schweiz. Gratis-Versand ab CHF 50, 30 Tage Rückgabe."	"Haarspange Muschel mit Perle und Seestern, goldfarben | LuxeStyle CH"	"Haarspange Muschel mit Perle und Seestern, goldfarben – jetzt bei LuxeStyle Schweiz. Gratis-Versand ab CHF 50, 30 Tage Rückgabe."
2026-10-05T06:37Z	kuechenloeffel-set-113792	"Küchenhelfer-Set · 5-teilig, antihaft-geeignet | LuxeStyle CH"	"Küchenhelfer-Set · 5-teilig, antihaft-geeignet – jetzt bei LuxeStyle Schweiz. Gratis-Versand ab CHF 50, 30 Tage Rückgabe."	"Küchenhelfer-Set · 6-teilig, antihaft-geeignet | LuxeStyle CH"	"Küchenhelfer-Set · 6-teilig, antihaft-geeignet – jetzt bei LuxeStyle Schweiz. Gratis-Versand ab CHF 50, 30 Tage Rückgabe."
