2026-10-09	gid://shopify/Product/15448950112641	probiotische-verdauungschuechli-fur-hunde-074050	Probiotische Verdauungschüechli für Hunde	kategorie
2026-10-09	gid://shopify/Product/15448950178177	gelenk-supplement-fur-hunde-katzen-169537	Gelenk-Supplement für Hunde & Katzen	kategorie
2026-10-09	gid://shopify/Product/16610522857863	katzen-zahnpflege-knabbereien-30-g-630900	Katzen Zahnpflege-Knabbereien 30 g	kategorie
2026-10-09	gid://shopify/Product/16612740858247	hundegesundheits-tabletten-200-g-622400	Hundegesundheits-Tabletten 200 g	titel
2026-10-09	gid://shopify/Product/15452679078273	probiotika-tabletten-fur-hunde-katzen-591682	Probiotika-Tabletten für Hunde & Katzen	kategorie
2026-10-09	gid://shopify/Product/15452679242113	probiotika-tabletten-330306	Probiotika-Tabletten	kategorie
2026-10-09	gid://shopify/Product/15452679307649	fischol-tabletten-fur-katzen-119425	Fischöl-Tabletten für Katzen	kategorie
2026-10-09	gid://shopify/Product/15453794468225	huhnchenbrust-snacks-fur-katzen-626100	Hühnchenbrust Snacks für Katzen	kategorie
2026-10-09	gid://shopify/Product/15472258253185	mundbeutel-mit-koffein-628500	Mundbeutel mit Koffein	kategorie
2026-10-09	gid://shopify/Product/15478169207169	multivitamin-tropfen-fur-haustiere-621200	Multivitamin-Tropfen für Haustiere	kategorie
2026-10-09	gid://shopify/Product/15491768189313	vitamin-komplex-losung-fur-haustiere-632600	Vitamin Komplex Lösung für Haustiere	kategorie
2026-10-09	gid://shopify/Product/16612740891015	sanfte-pflege-fur-hund-200-g-626300	Sanfte Pflege für Hund – 200 g	von-hand (CJ: «Gentle Everyday Ingredients To Care For Your Dog», 200 g, Inhalt unklar)
