2026-10-10T13:16Z	gid://shopify/Product/15447953342849	Grösse	Mother S→Mama S | Mother M→Mama M | Mother L→Mama L | Mother XL→Mama XL	ok
2026-10-10T13:16Z	gid://shopify/Product/15447958716801	Farbe	[Farbe→Ausführung & Grösse] Gray-Father S→Grau · Papa S | Gray-Mom M→Grau · Mama M | Gray-Mom L→Grau · Mama L | Gray-Mom XL→Grau · Mama XL | Gray-Mom 2XL→Grau · Mama 2XL | Gray-Father M→Grau · Papa M | Gray-Father XL→Grau · Papa XL | Grau-Kinder 2→Grau · Kinder 2 | Gray-Children 3 To 4→Grau · Kind 3 To 4 | Gray-Children 4 To 5→Grau · Kind 4 To 5 | Gray-Children 6 To 7→Grau · Kind 6 To 7 | Gray-Children 8 To 9→Grau · Kind 8 To 9 | Grau-Kinder 10/11→Grau · Kinder 10/11 | Grau-Kinder 11/12→Grau · Kinder 11/12 | Grau-Kinder 13/14→Grau · Kinder 13/14 | Gray-Infants 0 To 6→Grau · Infants 0 To 6 | Gray-Infant 6 To 12→Grau · Infant 6 To 12 | Gray-Infant 12 To 18→Grau · Infant 12 To 18 | Gray-Infants 18 To 24→Grau · Infants 18 To 24 | Gray-Dog S→Grau · Hund S | Gray-Dog M→Grau · Hund M | Gray-Dog L→Grau · Hund L	ok
2026-10-10T13:16Z	gid://shopify/Product/15447961272705	Farbe	[Farbe→Ausführung & Grösse] Blue-DadS→Blau · Papa S | Blue-DadM→Blau · Papa M | Blue-DadL→Blau · Papa L | Blue-DadXL→Blau · Papa XL | Blue-Dad2XL→Blau · Papa 2XL | Blue-Dad3XL→Blau · Papa 3XL | Blue-MomS→Blau · Mama S | Blue-MomM→Blau · Mama M | Blue-MomL→Blau · Mama L | Blue-MomXL→Blau · Mama XL | Blue-Mom2XL→Blau · Mama 2XL | Blue-Mom3XL→Blau · Mama 3XL | Blue-Children2T→Blau · Kind 2T | Blue-Children3T→Blau · Kind 3T | Blue-Children4T→Blau · Kind 4T | Blue-Children6T→Blau · Kind 6T | Blue-Children8T→Blau · Kind 8T | Blue-Children10T→Blau · Kind 10T | Blue-Children11T→Blau · Kind 11T | Blue-Children13T→Blau · Kind 13T	ok
2026-10-10T13:17Z	gid://shopify/Product/15447965860225	Farbe	[Farbe→Ausführung & Grösse] Mom S→Mama S | Mom M→Mama M | Mom L→Mama L | Mom XL→Mama XL | Mom→Mama | Dad M→Papa M | Dad L→Papa L | Dad XL→Papa XL | Dad→Papa | Dad 3XL→Papa 3XL | Child 3Yto4Y→Kind 3Yto4Y | Child 4Yto5Y→Kind 4Yto5Y | Child 6Yto7Y→Kind 6Yto7Y | Child 8Yto9Y→Kind 8Yto9Y | Child 10Yto11Y→Kind 10Yto11Y	ok
2026-10-10T13:17Z	gid://shopify/Product/15447967072641	Farbe	[Farbe→Ausführung & Grösse] Picture Color-Father M Size→Wie abgebildet · Papa M | Picture Color-Xl For Father→Wie abgebildet · Papa XL | Picture Color-S For Mother→Wie abgebildet · Mama S | Picture Color-Mother M→Wie abgebildet · Mama M | Picture Color-Mother's Size L→Wie abgebildet · Mama L | Picture Color-Mother Xl→Wie abgebildet · Mama XL | Picture Color-Mom 2XL→Wie abgebildet · Mama 2XL | Picture Color-Mom 3XL→Wie abgebildet · Mama 3XL | Picture Color-Mom 4XL→Wie abgebildet · Mama 4XL | Wie abgebildet-Baby 6→Wie abgebildet · Baby 6 | Wie abgebildet-Baby 9→Wie abgebildet · Baby 9 | Wie abgebildet-Baby 12→Wie abgebildet · Baby 12 | Wie abgebildet-Baby 18→Wie abgebildet · Baby 18 | Picture Color-Tong 2→Wie abgebildet · Kind 2 | Picture Color-Tong 3→Wie abgebildet · Kind 3 | Picture Color-Tong 4→Wie abgebildet · Kind 4 | Picture Color-Tong 5→Wie abgebildet · Kind 5 | Picture Color-Tong 6→Wie abgebildet · Kind 6 | Picture Color-Tong 8→Wie abgebildet · Kind 8 | Picture Color-Tong 10→Wie abgebildet · Kind 10 | Picture Color-Tong 12→Wie abgebildet · Kind 12 | Wie abgebildet-Kinder 14→Wie abgebildet · Kinder 14 | Picture Color-Dog S→Wie abgebildet · Hund S | Picture Color-Dog M→Wie abgebildet · Hund M | Picture Color-Dog L→Wie abgebildet · Hund L | Picture Color-Dog XL→Wie abgebildet · Hund XL	ok
2026-10-10T13:17Z	gid://shopify/Product/15447967170945	Farbe	[Farbe→Ausführung] Dad→Papa | Mom→Mama	ok
2026-10-10T13:17Z	gid://shopify/Product/15447969399169	Farbe	[Farbe→Ausführung & Grösse] Blue-dad S→Blau · Papa S | Blue-dad M→Blau · Papa M | Blue-dad L→Blau · Papa L | Blue-dad XL→Blau · Papa XL | Blue-dad 2XL→Blau · Papa 2XL | Blue-dad 3XL→Blau · Papa 3XL | Blue-dad 4XL→Blau · Papa 4XL | Blue-mom S→Blau · Mama S | Blue-mom M→Blau · Mama M | Blue-mom L→Blau · Mama L | Blue-mom XL→Blau · Mama XL | Blue-mom 2XL→Blau · Mama 2XL | Blue-mom 3XL→Blau · Mama 3XL | Blue-mom 4XL→Blau · Mama 4XL | Blau-Baby 6→Blau · Baby 6 | Blau-Baby 9→Blau · Baby 9 | Blau-Baby 12→Blau · Baby 12 | Blau-Baby 18→Blau · Baby 18 | Blau-Kinder 2→Blau · Kinder 2 | Blau-Kinder 3→Blau · Kinder 3 | Blau-Kinder 4→Blau · Kinder 4 | Blau-Kinder 5→Blau · Kinder 5 | Blau-Kinder 6→Blau · Kinder 6 | Blau-Kinder 8→Blau · Kinder 8 | Blau-Kinder 10→Blau · Kinder 10 | Blau-Kinder 12→Blau · Kinder 12 | Blau-Kinder 14→Blau · Kinder 14 | Blue-Dog S→Blau · Hund S | Blue-Dog M→Blau · Hund M | Blue-Dog L→Blau · Hund L | Blue-Dog XL→Blau · Hund XL	ok
2026-10-10T13:17Z	gid://shopify/Product/15447970349441	Farbe	[Farbe→Ausführung & Grösse] Wie abgebildet A-Kinder 2T→Wie abgebildet A · Kinder 2T | Wie abgebildet A-Kinder 4T→Wie abgebildet A · Kinder 4T | Wie abgebildet A-Kinder 6T→Wie abgebildet A · Kinder 6T | Picture Color A-Children 8t→Wie abgebildet A · Kind 8t | Picture Color A-Children's 10t→Wie abgebildet A · Kind 10t | Wie abgebildet A-Kinder 12T→Wie abgebildet A · Kinder 12T | Picture Color A-S For Mother→Wie abgebildet A · Mama S | Picture Color A-Mother M→Wie abgebildet A · Mama M | Picture Color A-Mother's Size L→Wie abgebildet A · Mama L | Picture Color A-Mother Xl→Wie abgebildet A · Mama XL | Wie abgebildet B-Kinder 2T→Wie abgebildet B · Kinder 2T | Wie abgebildet B-Kinder 4T→Wie abgebildet B · Kinder 4T | Wie abgebildet B-Kinder 6T→Wie abgebildet B · Kinder 6T | Picture Color B-Children 8t→Wie abgebildet B · Kind 8t | Picture Color B-Children's 10t→Wie abgebildet B · Kind 10t | Wie abgebildet B-Kinder 12T→Wie abgebildet B · Kinder 12T | Picture Color B-S For Mother→Wie abgebildet B · Mama S | Picture Color B-Mother M→Wie abgebildet B · Mama M | Picture Color B-Mother's Size L→Wie abgebildet B · Mama L | Picture Color B-Mother Xl→Wie abgebildet B · Mama XL | Wie abgebildet C-Kinder 2T→Wie abgebildet C · Kinder 2T | Wie abgebildet C-Kinder 4T→Wie abgebildet C · Kinder 4T | Wie abgebildet C-Kinder 6T→Wie abgebildet C · Kinder 6T | Picture Color C-Children 8t→Wie abgebildet C · Kind 8t | Picture Color C-Children's 10t→Wie abgebildet C · Kind 10t | Wie abgebildet C-Kinder 12T→Wie abgebildet C · Kinder 12T | Picture Color C-S For Mother→Wie abgebildet C · Mama S | Picture Color C-Mother M→Wie abgebildet C · Mama M | Picture Color C-Mother's Size L→Wie abgebildet C · Mama L | Picture Color C-Mother Xl→Wie abgebildet C · Mama XL | Wie abgebildet D-Kinder 2T→Wie abgebildet D · Kinder 2T | Wie abgebildet D-Kinder 4T→Wie abgebildet D · Kinder 4T | Wie abgebildet D-Kinder 6T→Wie abgebildet D · Kinder 6T | Picture Color D-Children 8t→Wie abgebildet D · Kind 8t | Picture Color D-Children's 10t→Wie abgebildet D · Kind 10t | Wie abgebildet D-Kinder 12T→Wie abgebildet D · Kinder 12T | Picture Color D-S For Mother→Wie abgebildet D · Mama S | Picture Color D-Mother M→Wie abgebildet D · Mama M | Picture Color D-Mother's Size L→Wie abgebildet D · Mama L | Picture Color D-Mother Xl→Wie abgebildet D · Mama XL | Wie abgebildet E-Kinder 2T→Wie abgebildet E · Kinder 2T | Wie abgebildet E-Kinder 4T→Wie abgebildet E · Kinder 4T | Wie abgebildet E-Kinder 6T→Wie abgebildet E · Kinder 6T | Picture Color E-Children 8t→Wie abgebildet E · Kind 8t | Picture Color E-Children's 10t→Wie abgebildet E · Kind 10t | Wie abgebildet E-Kinder 12T→Wie abgebildet E · Kinder 12T | Picture Color E-S For Mother→Wie abgebildet E · Mama S | Picture Color E-Mother M→Wie abgebildet E · Mama M | Picture Color E-Mother's Size L→Wie abgebildet E · Mama L | Picture Color E-Mother Xl→Wie abgebildet E · Mama XL	ok
2026-10-10T13:17Z	gid://shopify/Product/15447971660161	Farbe	[Farbe→Ausführung & Grösse] Schwarz-Herren S→Schwarz · Herren S | Schwarz-Herren M→Schwarz · Herren M | Schwarz-Herren L→Schwarz · Herren L | Schwarz-Herren XL→Schwarz · Herren XL | Schwarz-Herren 2XL→Schwarz · Herren 2XL | Schwarz-Herren 3XL→Schwarz · Herren 3XL | Schwarz-Damen S→Schwarz · Damen S | Schwarz-Damen M→Schwarz · Damen M | Schwarz-Damen L→Schwarz · Damen L | Schwarz-Damen XL→Schwarz · Damen XL | Schwarz-Damen 2XL→Schwarz · Damen 2XL | Schwarz-Damen 3XL→Schwarz · Damen 3XL | Schwarz-Kinder 2→Schwarz · Kinder 2 | Schwarz-Kinder 3→Schwarz · Kinder 3 | Schwarz-Kinder 4→Schwarz · Kinder 4 | Schwarz-Kinder 5→Schwarz · Kinder 5 | Schwarz-Kinder 8→Schwarz · Kinder 8 | Schwarz-Kinder 10→Schwarz · Kinder 10 | Schwarz-Kinder 12→Schwarz · Kinder 12 | Schwarz-Kinder 14→Schwarz · Kinder 14 | Schwarz-Baby 3→Schwarz · Baby 3 | Schwarz-Baby 6→Schwarz · Baby 6 | Schwarz-Baby 12→Schwarz · Baby 12 | Schwarz-Baby 18→Schwarz · Baby 18 | Black-Dog S→Schwarz · Hund S | Black-Dog M→Schwarz · Hund M | Black-Dog L→Schwarz · Hund L | Black-Dog XL→Schwarz · Hund XL | Black-Dog 2XL→Schwarz · Hund 2XL	ok
2026-10-10T13:17Z	gid://shopify/Product/15447974379905	Farbe	[Farbe→Ausführung & Grösse] Black-Father S Size→Schwarz · Papa S | Black-Father M Size→Schwarz · Papa M | Black-Father L→Schwarz · Papa L | Black-XL For Father→Schwarz · Papa XL | Black-Dad 2XL→Schwarz · Papa 2XL | Black-Dad 3XL→Schwarz · Papa 3XL | Black-Dad 4XL→Schwarz · Papa 4XL | Black-S For Mother→Schwarz · Mama S | Black-Mother M→Schwarz · Mama M | Black-Mother's Size L→Schwarz · Mama L | Black-Mother XL→Schwarz · Mama XL | Black-Mom 2XL→Schwarz · Mama 2XL | Black-Mom 3XL→Schwarz · Mama 3XL | Black-Mom 4XL→Schwarz · Mama 4XL | Schwarz-Baby 6→Schwarz · Baby 6 | Schwarz-Baby 9→Schwarz · Baby 9 | Schwarz-Baby 12→Schwarz · Baby 12 | Schwarz-Baby 18→Schwarz · Baby 18 | Schwarz-Kinder 2→Schwarz · Kinder 2 | Schwarz-Kinder 3→Schwarz · Kinder 3 | Schwarz-Kinder 4→Schwarz · Kinder 4 | Black-Tong 5→Schwarz · Kind 5 | Black-Tong 6→Schwarz · Kind 6 | Schwarz-Kinder 8→Schwarz · Kinder 8 | Schwarz-Kinder 10→Schwarz · Kinder 10 | Schwarz-Kinder 12→Schwarz · Kinder 12 | Schwarz-Kinder 14→Schwarz · Kinder 14	ok
2026-10-10T13:17Z	gid://shopify/Product/15447974543745	Farbe	[Farbe→Ausführung & Grösse] Black And White-Dad S→Schwarz-Weiss · Papa S | Black And White-Dad M→Schwarz-Weiss · Papa M | Black And White-Dad L→Schwarz-Weiss · Papa L | Black And White-Dad XL→Schwarz-Weiss · Papa XL | Black And White-Dad XXL→Schwarz-Weiss · Papa XXL | Black And White-Dad XXXL→Schwarz-Weiss · Papa XXXL | Black And White-Mom S→Schwarz-Weiss · Mama S | Black And White-Mom M→Schwarz-Weiss · Mama M | Black And White-Mom L→Schwarz-Weiss · Mama L | Black And White-Mom XL→Schwarz-Weiss · Mama XL | Black And White-Mom XXL→Schwarz-Weiss · Mama XXL | Black And White-Mom XXXL→Schwarz-Weiss · Mama XXXL | Schwarz-Weiss-Kinder 4T→Schwarz-Weiss · Kinder 4T | Schwarz-Weiss-Kinder 5T→Schwarz-Weiss · Kinder 5T | Black And White-Children 7t→Schwarz-Weiss · Kind 7t | Black And White-Children 9t→Schwarz-Weiss · Kind 9t | Black And White-Children 10t→Schwarz-Weiss · Kind 10t | Black And White-Children 11t→Schwarz-Weiss · Kind 11t | Schwarz-Weiss-Baby 3M→Schwarz-Weiss · Baby 3M | Schwarz-Weiss-Baby 6 m→Schwarz-Weiss · Baby 6 m | Schwarz-Weiss-Baby 9 m→Schwarz-Weiss · Baby 9 m | Schwarz-Weiss-Baby 12 m→Schwarz-Weiss · Baby 12 m | Schwarz-Weiss-Baby 18 m→Schwarz-Weiss · Baby 18 m	ok
2026-10-10T13:18Z	gid://shopify/Product/15447953342849	—		live nichts zu tun
2026-10-10T13:18Z	gid://shopify/Product/15447961272705	—		live nichts zu tun
2026-10-10T13:18Z	gid://shopify/Product/15447965860225	—		live nichts zu tun
2026-10-10T13:18Z	gid://shopify/Product/15447967072641	—		live nichts zu tun
2026-10-10T13:18Z	gid://shopify/Product/15447967170945	—		live nichts zu tun
2026-10-10T13:18Z	gid://shopify/Product/15447967793537	Farbe	[Farbe→Ausführung & Grösse] Farben gemischt-Baby 12→Farben gemischt · Baby 12 | Farben gemischt-Baby 18→Farben gemischt · Baby 18 | Farben gemischt-Baby 6→Farben gemischt · Baby 6 | Farben gemischt-Baby 9→Farben gemischt · Baby 9 | Farben gemischt-Kinder 14→Farben gemischt · Kinder 14 | Mixed Color-M For Father→Farben gemischt · Papa M | Mixed Color-2XL For Mother→Farben gemischt · Mama 2XL | Mixed Color-3XL For Mother→Farben gemischt · Mama 3XL | Mixed Color-4XL For Mother→Farben gemischt · Mama 4XL | Mixed Color-M For Mother→Farben gemischt · Mama M | Mixed Color-Xl For Mother→Farben gemischt · Mama XL | Mixed Color-L For Mother→Farben gemischt · Mama L | Mixed Color-S For Mother→Farben gemischt · Mama S | Farben gemischt-Kinder 10→Farben gemischt · Kinder 10 | Farben gemischt-Kinder 12→Farben gemischt · Kinder 12 | Farben gemischt-Kinder 2→Farben gemischt · Kinder 2 | Farben gemischt-Kinder 3→Farben gemischt · Kinder 3 | Farben gemischt-Kinder 4→Farben gemischt · Kinder 4 | Farben gemischt-Kinder 5→Farben gemischt · Kinder 5 | Farben gemischt-Kinder 6→Farben gemischt · Kinder 6 | Farben gemischt-Kinder 8→Farben gemischt · Kinder 8 | Mixed Color-Xl For Father→Farben gemischt · Papa XL | Mixed Color-L For Father→Farben gemischt · Papa L | Mixed Color-2XL For Father→Farben gemischt · Papa 2XL | Mixed Color-3XL For Father→Farben gemischt · Papa 3XL | Mixed Color-4XL For Father→Farben gemischt · Papa 4XL | Mixed Color-S For Father→Farben gemischt · Papa S	ok
2026-10-10T13:18Z	gid://shopify/Product/15447967924609	Grösse	Mother S→Mama S | Mother M→Mama M | Mother L→Mama L | Mother Xl→Mama XL | Girl 3to4Y→Mädchen 3to4Y | Girl 4to5Y→Mädchen 4to5Y | Girl 6to7Y→Mädchen 6to7Y | Girl 8to9Y→Mädchen 8to9Y | Father M→Papa M | Father L→Papa L | Father XL→Papa XL | Boy 3to4Y→Jungen 3to4Y | Boy 4to5Y→Jungen 4to5Y | Boy 6to7Y→Jungen 6to7Y	ok
2026-10-10T13:18Z	gid://shopify/Product/15447969399169	—		live nichts zu tun
2026-10-10T13:18Z	gid://shopify/Product/15447970349441	—		live nichts zu tun
2026-10-10T13:18Z	gid://shopify/Product/15447971660161	—		live nichts zu tun
2026-10-10T13:18Z	gid://shopify/Product/15447974379905	—		live nichts zu tun
2026-10-10T13:18Z	gid://shopify/Product/15447974543745	—		live nichts zu tun
