nahtloser-leopard-jumpsuit-fur-yoga-fitness-466946	gid://shopify/Product/15448112333185
off-shoulder-camouflage-jumpsuit-619800	gid://shopify/Product/15448527536513
a-linien-tennisrock-mit-anti-expositions-unter-618900	gid://shopify/Product/15448585765249
nahtlose-high-waist-yoga-hose-fur-damen-625200	gid://shopify/Product/15448644157825
gepolsterte-baumwolljacke-mit-blumenmuster-628000	gid://shopify/Product/15448673747329
herren-langarmshirt-casual-trendy-636000	gid://shopify/Product/15448765628801
taillierte-jeansjacke-fur-herren-824321	gid://shopify/Product/15448793907585
winddichte-gesichtsmaske-fur-herbst-und-winter-609100	gid://shopify/Product/15448816058753
south-moon-fuss-pflegelosung-944002	gid://shopify/Product/15448824185217
manner-gesichtscreme-hydratisierend-nahrend-811266	gid://shopify/Product/15448824316289
oceaura-body-care-cream-414721	gid://shopify/Product/15448824971649
selbstbraunungstropfen-mit-hyaluronsaure-121409	gid://shopify/Product/15448826773889
planet-diamond-star-fake-nails-249089	gid://shopify/Product/15448836276609
3-in-1-retro-gaming-media-box-793344	gid://shopify/Product/15448849023361
5-core-megaphon-50w-bluetooth-akku-1000m-reich-365954	gid://shopify/Product/15448887001473
reise-trinkflasche-fur-haustiere-mit-futterfac-625000	gid://shopify/Product/15448949358977
wlan-hd-uberwachungskamera-fur-innenbereiche-601400	gid://shopify/Product/15449129910657
microneedling-anti-falten-serum-608000	gid://shopify/Product/15449132401025
plissiertes-langarmkleid-621500	gid://shopify/Product/15449147244929
pod-sticker-planet-mars	gid://shopify/Product/15427242164609
retro-flammen-tischlampe-led	gid://shopify/Product/15428429513089
aroma-diffuser-persimmon-kaki-frucht-design-mit-licht-🍂	gid://shopify/Product/15430230901121
damen-bikini-maui-neckholder-floral	gid://shopify/Product/15430464012673
selbstklebende-3d-wimpern-wiederverwendbar-941570	gid://shopify/Product/15443245728129
ximonth-nagelpflege-pflaster-956673	gid://shopify/Product/15446073737601
velo-rucklicht-mit-langer-akkulaufzeit-607100	gid://shopify/Product/15446272803201
faltbare-elektrische-grillburste-626600	gid://shopify/Product/15446276407681
abendkleid-mit-perlen-ruschen-604000	gid://shopify/Product/15447596499329
punk-motorrad-seiten-taschen-602000	gid://shopify/Product/15447616323969
vielseitiger-dreiecksschal-mit-bindebandern-616400	gid://shopify/Product/15447883841921
ice-silk-gesichtsmaske-mit-uv-schutz-622000	gid://shopify/Product/15447894819201
rock-field-cs-spike-unisex-punk-rope-leder-mas-611700	gid://shopify/Product/15447896654209
unisex-wind-und-staubschutz-gesichtsmaske-401536	gid://shopify/Product/15447898096001
sportlicher-taillenformer-mit-reissverschluss-633000	gid://shopify/Product/15447900750209
lederhandschuhe-mit-fleecefutter-638000	gid://shopify/Product/15447921230209
glitzernde-netzstrumpfe-mit-strass-617200	gid://shopify/Product/15447931748737
weihnachts-loungewear-fur-die-ganze-familie-604200	gid://shopify/Product/15447961272705
spitzen-neckholder-top-mit-integrierten-pads-632800	gid://shopify/Product/15447979065729
strick-top-mit-eckigem-ausschnitt-und-volantsa-603500	gid://shopify/Product/15447979229569
glitzerndes-dekollete-kettentop-616700	gid://shopify/Product/15448077566337
silikon-photon-maske-led-620400	gid://shopify/Product/15449124176257
ultraschall-luftbefeuchter-mit-aromatherapie-327744	gid://shopify/Product/15449425379713
isolierte-wasserflasche-mit-deckel-610700	gid://shopify/Product/15449463980417
verstellbare-hundeleine-604600	gid://shopify/Product/15449482953089
magnetische-wimpern-fur-einfachen-look-222785	gid://shopify/Product/15449489047937
minimalistisches-airtag-geldborse-fur-herren-757377	gid://shopify/Product/15449587286401
suede-sandalen-637900	gid://shopify/Product/15449840517505
dekorative-treppenstufen-556545	gid://shopify/Product/15450117472641
herren-winterstiefel-mit-rutschfester-sohle-604400	gid://shopify/Product/15450537001345
wimpernlifting-set-fur-10-anwendungen-170304	gid://shopify/Product/15450779550081
aroma-diffuser-mit-flammeneffekt-448192	gid://shopify/Product/15450838892929
taktische-led-taschenlampe-xhp90-wiederaufladb-554241	gid://shopify/Product/15450844332417
nahtloser-yoga-bodysuit-mit-cut-outs-926592	gid://shopify/Product/15450856849793
interaktiver-futterspender-fur-haustiere-653376	gid://shopify/Product/15450859176321
pilzsammel-taschen-set-421313	gid://shopify/Product/15451909816705
militar-stil-wanderrucksack-gross-600900	gid://shopify/Product/15451925578113
einpersonen-schlafpad-638600	gid://shopify/Product/15452680126849
olmalerei-zum-ausmalen-106944	gid://shopify/Product/15453767926145
farbenfroher-luftbefeuchter-mit-mikroatomisier-549504	gid://shopify/Product/15453772317057
multifunktionale-digitaluhr-310016	gid://shopify/Product/15453997367681
ultrasonische-portabler-zahnersatzreiniger-624400	gid://shopify/Product/15454036689281
weisser-weihnachten-mit-engel-malen-nach-zahle-751040	gid://shopify/Product/15454058152321
2-ebenen-badezimmer-aufbewahrungsstander-aus-a-628400	gid://shopify/Product/15454109041025
keramikrauchfa-893632	gid://shopify/Product/15454115725697
vulkanischer-ultraschall-luftbefeuchter-252864	gid://shopify/Product/15454180606337
mini-luftbefeuchter-fur-zuhause-592768	gid://shopify/Product/15454180671873
taktische-uhr-mit-dual-display-723776	gid://shopify/Product/15454197809537
dunne-durchsichtige-leggings-605400	gid://shopify/Product/15454248698241
aromatherapie-nebelduftuhr-723840	gid://shopify/Product/15454384619905
gesichtsdampfer-mit-heissdampf-243392	gid://shopify/Product/15454385701249
grossraum-luftbefeuchter-333696	gid://shopify/Product/15454386160001
dualer-usb-luftbefeuchter-fur-zuhause-538560	gid://shopify/Product/15454414274945
warme-sporthosen-damen-646700	gid://shopify/Product/15454577754497
smart-feuchtigkeitsregler-mit-app-500-ml-670144	gid://shopify/Product/15455301435777
warmer-pullover-mit-kapuze-626700	gid://shopify/Product/15455323128193
elektrisches-mitesser-entferner-gerat-081740	gid://shopify/Product/15455486673281
sikai-schutzglas-fur-gpw-2-gen-637400	gid://shopify/Product/15463587250561
usb-aroma-diffuser-holzmaserung-951488	gid://shopify/Product/15463669858689
luftbefeuchter-fur-zuhause-und-unterwegs-436288	gid://shopify/Product/15463669989761
automatischer-aroma-luftbefeuchter-475200	gid://shopify/Product/15463670415745
moderner-ethanol-tischkamin-aus-metall-631100	gid://shopify/Product/15467104272769
fleece-unterhemd-mit-v-ausschnitt-603700	gid://shopify/Product/15471974941057
faltbare-abschliessbare-aufbewahrungsbox-634800	gid://shopify/Product/15472059154817
schlusselhulle-fur-ford-maverick-853056	gid://shopify/Product/15479637475713
ultra-hd-smart-projector-615600	gid://shopify/Product/15479803806081
mini-gaskocher-fur-outdoor-camping-636100	gid://shopify/Product/15485538763137
huangbo-rc-drift-car-4wd-ferngesteuertes-auto-381120	gid://shopify/Product/15485599515009
body-painting-pen-12-farben-614200	gid://shopify/Product/15485753229697
dampf-haarglatter-mit-led-anzeige-2bd442	gid://shopify/Product/15493706842497
traditionelles-herren-outfit-fur-festliche-anl-628100	gid://shopify/Product/15493778473345
thermo-fleece-hoodie-fur-herren-camouflage-610000	gid://shopify/Product/15493852823937
elektrischer-pinselreiniger-7db031	gid://shopify/Product/15495083196801
bluetooth-gamepad-fur-ios-metall-buttons-558976	gid://shopify/Product/15495111377281
katzenminze-ball-fur-spiel-und-spass-648832	gid://shopify/Product/15495214662017
bild-mit-blumenlandschaft-bde127	gid://shopify/Product/15496251048321
malen-nach-zahlen-set-der-wunderbaum-077184	gid://shopify/Product/15496251343233
ak66-gamepad-fur-sechs-finger-bedienung-ea4e42	gid://shopify/Product/15496302264705
fiber-concealer-pinsel-613600	gid://shopify/Product/15496324120961
ubernacht-creme-632200	gid://shopify/Product/15496329560449
bambus-raucherstabchenhalter-allegro-605900	gid://shopify/Product/15496371470721
multifunktionaler-abisolierer-fur-elektriker-614900	gid://shopify/Product/15496371962241
18-make-up-pinsel-set-im-drehbaren-kocher-243392	gid://shopify/Product/15496393294209
flugzeug-modellbausatz-zum-stecken-740038	gid://shopify/Product/15496435630465
wandhalterung-fur-lockenstab-fohn-056192	gid://shopify/Product/15496534983041
led-teelichter-flackernd-batteriebetrieben-594688	gid://shopify/Product/15496539636097
gaming-griff-fur-smartphones-77ea12	gid://shopify/Product/15496892547457
ak66-sechs-finger-gamepad-mit-vier-tasten-37ee65	gid://shopify/Product/15497295856001
warme-martin-boots-im-britischen-stil-614400	gid://shopify/Product/15497427681665
ventilkern-montagewerkzeug-fur-reifen-622900	gid://shopify/Product/15497442296193
kuchen-geschirrschrank-mit-auszugregal-611700	gid://shopify/Product/15497449701761
luftbefeuchter-mit-aroma-1fd37e	gid://shopify/Product/15499785306497
aroma-diffuser-holzmaserung-e1d479	gid://shopify/Product/15499808997761
holzoptik-diffusor-3d6200	gid://shopify/Product/15499810275713
etikettiermaschine-009088	gid://shopify/Product/15500074713473
haarkurllinie-612300	gid://shopify/Product/15500202377601
aromatherapie-box-e59a5e	gid://shopify/Product/15500485132673
dinosaurier-rucksack-set-fur-kinder-432768	gid://shopify/Product/15500492865921
taktischer-camping-rucksack-669440	gid://shopify/Product/15501021774209
nano-hydrating-gesichtssprayer-9ff4b1	gid://shopify/Product/15501034226049
wasserwellen-lockenstab-mit-drei-heizstaben-c269a9	gid://shopify/Product/15502186742145
off-shoulder-bodycon-strandkleid-mit-lochmuste-630100	gid://shopify/Product/15502600143233
multifunktionaler-kreuzbohrer-mit-sechskant-sc-315968	gid://shopify/Product/15502959051137
winkelbohrvorsatz-set-fur-schwer-zugangliche-s-925056	gid://shopify/Product/15502960427393
herren-kurzarmhemd-aus-baumwoll-leinen-mix-627400	gid://shopify/Product/15503113748865
automatischer-usb-luftbefeuchter-magic-shadow-373696	gid://shopify/Product/15503118008705
mini-luftbefeuchter-fur-unterwegs-47a360	gid://shopify/Product/15503121744257
mini-wasserwaage-mit-schraubenzieher-360896	gid://shopify/Product/15503258616193
vintage-leder-boots-mit-fleecefutter-785344	gid://shopify/Product/15503282733441
elegantes-halterneck-etuikleid-626200	gid://shopify/Product/15503624798593
personalisierbarer-zugfreier-reflektierender-h-4ce320	gid://shopify/Product/15449428885889
satin-partykleid-ruckenfrei-v-ausschnitt-mini-312384	gid://shopify/Product/15449431081345
rucken-tattoo-sticker-609700	gid://shopify/Product/15453523837313
halloween-pumpkin-kerzen-naturkreme-mit-pflanz-619300	gid://shopify/Product/15453532619137
herren-arbeitshose-mit-schlaufe-615400	gid://shopify/Product/15453895557505
camo-hosen-fur-herren-retro-stylish-619400	gid://shopify/Product/15453895983489
herren-kletter-und-camp-camouflagehose-615400	gid://shopify/Product/15454000972161
leinen-cardigan-mit-kapuze-fur-herren-617400	gid://shopify/Product/15497422111105
grosser-outdoor-reiserucksack-080640	gid://shopify/Product/15504090694017
gepolsterte-freizeitschuhe-aus-mikrofaser-609600	gid://shopify/Product/15506445336961
fledermaus-lampe-631400	gid://shopify/Product/15460025008513
halloween-geist-silikonform-628400	gid://shopify/Product/15493864685953
smart-led-schranklicht-mit-uhr-und-sensor-254144	gid://shopify/Product/15450836664705
haarverlangerungs-set-mit-temperaturregelung-818432	gid://shopify/Product/15454104617345
manicure-gel-set-fur-nagelverlangerung-885184	gid://shopify/Product/15495010877825
kabelloses-desinfektions-spruhgerat-nano-blau-20665f	gid://shopify/Product/15497437479297
cross-country-laufrucksack-mit-handyfach-200704	gid://shopify/Product/15497444229505
diy-diamond-painting-set-692992	gid://shopify/Product/15497712992641
wasserfestes-hautpeeling-system-206400	gid://shopify/Product/15499700371841
holzoptik-luftreiniger-d76518	gid://shopify/Product/15499785765249
luftbefeuchter-mit-aromadiffusor-21cdfa	gid://shopify/Product/15499807031681
lidschatten-palette-mit-35-farben-e2b7dd	gid://shopify/Product/15501002015105
leichtes-jagd-stuhl-630400	gid://shopify/Product/15501746307457
tarnfarbener-rucksack-mit-zugband-wasserdicht-182528	gid://shopify/Product/15502612529537
mini-usb-luftbefeuchter-fur-zuhause-unterwegs-793472	gid://shopify/Product/15503117844865
usb-aroma-diffusor-mit-dimmbarer-vulkan-beleuc-90d50f	gid://shopify/Product/15503121875329
wein-flaschenbeutel-aus-leder-mit-gurtelschnal-614500	gid://shopify/Product/15503285223809
ice-cream-luftbefeuchter-c8d15a	gid://shopify/Product/15504074506625
luftbefeuchter-in-holzoptik-7b8624	gid://shopify/Product/15504074998145
buntes-fisch-diamond-painting-rund-oder-eckig-380928	gid://shopify/Product/15504097968513
taktischer-outdoor-rucksack-013184	gid://shopify/Product/15504105505153
expansionsdubel-fur-gipskartonplatten-400704	gid://shopify/Product/15504114483585
elektrisches-heiz-schropf-massagegerat-621300	gid://shopify/Product/15504139452801
zisha-ruckfluss-rauchergefass-lotus-431104	gid://shopify/Product/15504174383489
duo-lidschattenstift-fur-strahlende-augen-681728	gid://shopify/Product/15506225758593
polarbar-mini-luftbefeuchter-865b96	gid://shopify/Product/15506243944833
aromatherapie-diffusor-holzmaserung-cbb54d	gid://shopify/Product/15506258821505
3d-holzpuzzle-fantasy-raumschiff-007168	gid://shopify/Product/15506294669697
aroma-diffuser-mit-ultraschall-vernebler-034ae8	gid://shopify/Product/15506446778753
aroma-diffuser-mit-licht-und-schatteneffekt-a72385	gid://shopify/Product/15506530697601
smart-aromatherapie-diffusor-mit-app-steuerung-bc39eb	gid://shopify/Product/15506531287425
aromatherapie-luftbefeuchter-nachtlicht-84e2a4	gid://shopify/Product/15506532041089
aroma-diffuser-mit-bluetooth-lautsprecher-uhr-5f023d	gid://shopify/Product/15506533876097
fruchtpuree-presse-fur-die-kuche-445056	gid://shopify/Product/15506569101697
taktischer-militarrucksack-575232	gid://shopify/Product/15506665570689
leder-sneaker-herren-knochelhoch-603400	gid://shopify/Product/15508407026049
cartoon-space-capsule-kabelloser-luftbefeuchte-4a6e13	gid://shopify/Product/15508452934017
wasserdichter-motorrad-rucksack-35l-a31635	gid://shopify/Product/15509134344577
wurstmaschine-fur-zuhause-a24a4b	gid://shopify/Product/15509345010049
muay-thai-sanda-reaktionstrainer-000832	gid://shopify/Product/15509369291137
lucky-zen-buddha-holzstatue-526778	gid://shopify/Product/15509370601857
britische-high-top-boots-fur-herren-602500	gid://shopify/Product/15509372141953
bequeme-wasserdichte-sportschuhe-aus-leder-604400	gid://shopify/Product/15509378400641
grosser-runder-luftbefeuchter-27ec99	gid://shopify/Product/15509378466177
spitze-chunky-heel-sandalen-295552	gid://shopify/Product/15510300918145
schaum-spruhpistole-fur-autowasche-964608	gid://shopify/Product/15510316089729
taktische-utility-gurteltasche-604900	gid://shopify/Product/15510326477185
multifunktionaler-brustgurt-mit-zubehortasche-616200	gid://shopify/Product/15510791389569
wasserdichte-warm-gefutterte-sneaker-611900	gid://shopify/Product/15510919610753
praktisches-grillgeblase-ccfd65	gid://shopify/Product/15510925771137
titan-holzofen-fur-outdoor-und-camping-dfd121	gid://shopify/Product/15511872176513
warme-fleece-gefutterte-winterschuhe-fur-herre-629300	gid://shopify/Product/15512244355457
warme-wasserdichte-freizeitschuhe-fur-herren-610000	gid://shopify/Product/15512244879745
multifunktionaler-outdoor-camouflage-rucksack-611600	gid://shopify/Product/15512275714433
etuikleid-armellos-mit-schnurung-612500	gid://shopify/Product/15512415699329
bodycon-etuikleid-mit-v-ausschnitt-632100	gid://shopify/Product/15515088290177
pneumatische-schere-ow-330st-a458fb	gid://shopify/Product/15516217475457
taktische-camouflage-crossbody-handtasche-930944	gid://shopify/Product/15518782488961
usb-heizuntersetzer-dfe6cf	gid://shopify/Product/15519831163265
winter-freizeitstiefel-aus-leder-605000	gid://shopify/Product/15520169787777
herren-winter-martin-boots-621700	gid://shopify/Product/15521218265473
ovaler-tischkamin-ethanol-feuerstelle-620700	gid://shopify/Product/15522290270593
solar-led-outdoor-kerze-109312	gid://shopify/Product/15523535946113
schwarze-ledertasche-fur-manner-552896	gid://shopify/Product/15523817750913
minimalistischer-hautentfernungspenner-424064	gid://shopify/Product/15523850453377
warme-freizeitschuhe-fur-herren-600000	gid://shopify/Product/15523864805761
drei-hexen-anhanger-aus-acryl-631000	gid://shopify/Product/15523906191745
kinderlaufschuhe-mit-klettverschluss-e693d5	gid://shopify/Product/15524777951617
nachtlicht-luftbefeuchter-mit-spruhfunktion-7ca47d	gid://shopify/Product/15525493080449
satin-seidenkissenbezug-2er-set-sanft-zu-haut-haar	gid://shopify/Product/15412960592257
tennis-kleid-match-plissee-integrierte-shorts	gid://shopify/Product/15422937563521
king-queen-partner-shirts-couple-t-shirts-👑	gid://shopify/Product/15429997724033
damen-high-heel-sandalette-capri-offene-spitze	gid://shopify/Product/15430344442241
ersatzfedern-fur-katzenangel-629300	gid://shopify/Product/15446271721857
sommerliches-neckholder-kleid-mit-tiefem-v-aus-625500	gid://shopify/Product/15447600103809
strand-kimono-mit-v-ausschnitt-seitenschlitz-012290	gid://shopify/Product/15448079368577
figurformender-yoga-skort-mit-mesh-einsatzen-636200	gid://shopify/Product/15448601330049
blueretro-wireless-controller-adapter-fur-ps1-031232	gid://shopify/Product/15448849121665
chinesische-emaille-blumen-ohrringe-mit-perle-800001	gid://shopify/Product/15448902762881
3er-set-damen-pyjama-mit-langarm-crop-top-und-2d2168	gid://shopify/Product/15449426887041
extra-hohe-absatze-mit-dicken-sohlen-622300	gid://shopify/Product/15450022478209
woll-lenkradbezug-mit-handgriff-bezugen-418176	gid://shopify/Product/15450259587457
yoga-gurt-fur-stretching-training-03d0d3	gid://shopify/Product/15450839974273
sportliches-yoga-set-aus-nylon-4cfba1	gid://shopify/Product/15450848330113
creative-bear-claw-shredder-2-stuck-f04ffb	gid://shopify/Product/15450853310849
latex-widerstandsband-mit-fusspedal-und-griff-afaa0a	gid://shopify/Product/15450855408001
edler-stahlring-624500	gid://shopify/Product/15455265751425
boho-seestil-metallring-elektroplattierung-635000	gid://shopify/Product/15455953224065
schaeff-hr16-mini-bagger-fga02432	gid://shopify/Product/15470026457473
kissenbezug-personality-white-couple-2er-set-732928	gid://shopify/Product/15495588479361
halsband-aus-echtleder-fur-hunde-961792	gid://shopify/Product/15496705900929
leuchtendes-hunde-halsband-aus-silikon-951936	gid://shopify/Product/15497438757249
silikonabdeckungen-974976	gid://shopify/Product/15500349931905
silberner-pancake-clip-666432	gid://shopify/Product/15500351963521
katzen-spielzeug-set-ceb18b	gid://shopify/Product/15500371624321
hundespielzeug-f8ccb6	gid://shopify/Product/15500373295489
gestricktes-kirschbluten-halsband-fur-haustier-388096	gid://shopify/Product/15500982845825
retro-doppelring-sonne-aus-edelstahl-614700	gid://shopify/Product/15502187168129
nacken-und-schultermassagegerat-mit-warmefunkt-6c2271	gid://shopify/Product/15503165030785
elegantes-ruckenfreies-blumenprint-kleid-609300	gid://shopify/Product/15506145083777
3d-kissen-wassermelone-329664	gid://shopify/Product/15506298012033
heizkissen-fur-rucken-und-korper-12x24-ebb212	gid://shopify/Product/15508468400513
beckenboden-trainingsgerat-fur-frauen-b986d0	gid://shopify/Product/15510309634433
grosses-ruckenpolster-mit-arm-und-nackenkissen-108096	gid://shopify/Product/15510325821825
halsband-leine-set-mit-spitze-schleife-606400	gid://shopify/Product/15516058616193
p-kette-fur-hunde-aus-edelstahl-044672	gid://shopify/Product/15519823036801
verstellbarer-offener-ring-aus-925er-sterlings-615400	gid://shopify/Product/15524883464577
neckholder-top-mit-schnurung-und-quasten-632100	gid://shopify/Product/15448077304193
antigravitations-nebel-feuchter-580ml-354048	gid://shopify/Product/15449430655361
regenwolken-luftbefeuchter-diffusor-598976	gid://shopify/Product/15450850132353
herren-t-shirt-mit-horror-schadel-druck-634000	gid://shopify/Product/15453775495553
winddichte-slim-fit-lederhose-herren-618400	gid://shopify/Product/15453895786881
vintage-arbeits-pants-619300	gid://shopify/Product/15453998875009
spicy-girl-mini-kleid-mit-schnurung-630300	gid://shopify/Product/15454068998529
maulbeerseiden-gesichtsmaske-fur-damen-609500	gid://shopify/Product/15446066299265
beissfester-zahnungsstick-fur-haustiere-618100	gid://shopify/Product/15446270738817
kabelloses-6-in-1-ladegerat-135808	gid://shopify/Product/15449401917825
led-sensor-lichtleiste-5e2d3d	gid://shopify/Product/15450832863617
camo-overalls-fur-herren-618700	gid://shopify/Product/15454161961345
kleiner-cartoon-dampfer-953088	gid://shopify/Product/15454414406017
mechanische-herrenuhr-im-skelett-design-604000	gid://shopify/Product/15447593058689
puffarmel-kleid-mit-schnurung-626900	gid://shopify/Product/15447601021313
retro-karo-halstuch-mit-sonnenschutz-626900	gid://shopify/Product/15447885316481
seidenmaske-mit-halsbedeckung-fur-damen-628900	gid://shopify/Product/15447894294913
latex-gesichtsmaske-mit-kopfband-619300	gid://shopify/Product/15447896916353
atmungsaktive-ice-silk-gesichtsmaske-618800	gid://shopify/Product/15447897604481
taillengurtel-aus-baumwolle-628300	gid://shopify/Product/15447900094849
revival-gurtel-im-mittelalter-und-wikinger-sti-606200	gid://shopify/Product/15447905272193
infrarot-warmegurt-fur-taille-uterus-609500	gid://shopify/Product/15447906189697
latex-sport-shapewear-weste-fur-definierte-mit-618600	gid://shopify/Product/15447907041665
taillengurtel-im-streetwear-stil-619200	gid://shopify/Product/15447908090241
steampunk-retro-metall-goggles-607700	gid://shopify/Product/15447919919489
6-paar-20d-ultra-sheer-tights-mit-shaping-hosc-791425	gid://shopify/Product/15447935517057
2-paar-20d-ultra-toeless-sheer-tights-539906	gid://shopify/Product/15447935910273
beinwarmer-mit-stern-und-knochen-elementen-632500	gid://shopify/Product/15447936205185
japanische-jk-style-strumpfhose-mit-muster-616600	gid://shopify/Product/15447937188225
ethno-strandtuch-mit-vielseitigem-design-631400	gid://shopify/Product/15447941677441
elegantes-chiffon-tuch-mit-magnetverschluss-624700	gid://shopify/Product/15447942136193
baskenmutze-im-leo-look-mit-nieten-und-gurtel-870209	gid://shopify/Product/15447948198273
retro-zip-up-hoodie-mit-3d-digitalprint-614100	gid://shopify/Product/15447951507841
sexy-open-back-bikini-strand-cover-up-511489	gid://shopify/Product/15447978279297
bandeau-top-mit-taillenschnurung-618700	gid://shopify/Product/15447979622785
sommerliches-tanktop-kleid-mit-u-ausschnitt-876097	gid://shopify/Product/15447981261185
high-neck-bikini-set-fur-den-strand-259970	gid://shopify/Product/15447986995585
geripptes-high-neck-tank-top-fur-damen-244418	gid://shopify/Product/15447989322113
damen-spitzen-tube-top-mit-offener-ruckenparti-601800	gid://shopify/Product/15447990403457
armelloses-bedrucktes-rollkragen-top-639300	gid://shopify/Product/15448010555777
halterneck-yoga-top-kurzarm-fur-damen-617200	gid://shopify/Product/15448016224641
spitzenbesetztes-langarmshirt-mit-schnurung-634600	gid://shopify/Product/15448018485633
off-shoulder-mesh-langarmshirt-617700	gid://shopify/Product/15448021565825
spitzentop-mit-tiefem-v-ausschnitt-634100	gid://shopify/Product/15448076484993
elfenbeinfarbenes-camisole-top-mit-spitze-571457	gid://shopify/Product/15448076681601
bikini-top-mit-pailletten-und-halskette-610600	gid://shopify/Product/15448077599105
rundhals-langarm-pullover-fur-damen-619700	gid://shopify/Product/15448081072513
seagate-exos-enterprise-helium-festplatte-10-t-890240	gid://shopify/Product/15479469506945
externe-mobile-festplatte-usb-3-0-543424	gid://shopify/Product/15495082770817
edelstahl-seifenschale-ohne-bohren	gid://shopify/Product/15428497080705
premium-sojawachskerze-mit-rotwein-leder-espre-287874	gid://shopify/Product/15450214695297
flammen-luftbefeuchter-aroma-diffuser-367424	gid://shopify/Product/15450835779969
milchseide-langarmshirt-mit-eckigem-ausschnitt-623800	gid://shopify/Product/15448092672385
gelber-leopard-hoodie-mit-teufelshornern-606900	gid://shopify/Product/15448104501633
tragbare-2-in-1-trinkflasche-fur-hunde-269760	gid://shopify/Product/15450858553729
damen-a-linien-kleid-fiorella-neckholder-bestickt	gid://shopify/Product/15430491373953
nahtloser-body-mit-bauch-und-po-formung-742082	gid://shopify/Product/15448108401025
shapewear-bodysuit-mit-verstellbaren-tragern-632900	gid://shopify/Product/15448108827009
schnellladegerat-fur-elektrowerkzeuge-166336	gid://shopify/Product/15495142998401
herren-quarz-armbanduhr-mit-kalender-058624	gid://shopify/Product/15501006995841
handdampfglatter-a1ab31	gid://shopify/Product/15510911943041
edelstahl-zugkette-fur-haustiere-verschiedene-880576	gid://shopify/Product/15518617633153
bequemer-riesen-sitzsack-3918d2	gid://shopify/Product/15522140619137
gedruckter-baumwoll-leinen-schal-fur-herbst-wi-626100	gid://shopify/Product/15447883383169
elektrischer-mitesser-und-akne-sauger-fc5784	gid://shopify/Product/15450839056769
auto-luftbefeuchter-aroma-diffuser-d1b6f1	gid://shopify/Product/15450852065665
flammen-aroma-diffusor-fur-zuhause-910208	gid://shopify/Product/15450853245313
getrocknete-blumen-deko-kerzen-969408	gid://shopify/Product/15450855113089
taillenformer-korsett-top-mit-stahlstaben-333890	gid://shopify/Product/15448109318529
eleganter-jumpsuit-mit-cut-out-und-3-4-armeln-624300	gid://shopify/Product/15448110498177
eleganter-jumpsuit-mit-woll-applikationen-616100	gid://shopify/Product/15448114135425
taillierter-kurzarm-body-617600	gid://shopify/Product/15448115839361
phofay-jelly-lip-oil-968832	gid://shopify/Product/15450858062209
mobile-gaming-controller-af15f5	gid://shopify/Product/15452598534529
aromatherapie-gerat-mit-kunststoff-bambus-webe-983616	gid://shopify/Product/15453772808577
aromatherapie-luftbefeuchter-508736	gid://shopify/Product/15453772972417
taktische-tasche-fur-unterwegs-606700	gid://shopify/Product/15453774217601
camping-rucksack-camouflage-639200	gid://shopify/Product/15454117593473
figurbetonter-einteiler-mit-blumenprint-619700	gid://shopify/Product/15448116134273
trendiges-unisex-langarmshirt-im-american-styl-635600	gid://shopify/Product/15448496144769
bauchkontrollierender-huftlift-jumpsuit-628100	gid://shopify/Product/15448525177217
gym-therapy-t-shirt-fur-junge-erwachsene-610000	gid://shopify/Product/15448567972225
hawaiihemd-fur-herren-mit-3d-print-606700	gid://shopify/Product/15523182707073
mushroom-luftkissen-bb-creme-c5b628	gid://shopify/Product/15525250236801
tragbarer-smart-projektor-p62-hd-auflosung-844800	gid://shopify/Product/15525513822593
luftiges-sporttop-mit-kordelzug-911938	gid://shopify/Product/15448495194497
color-block-jumpsuit-mit-langen-armeln-602600	gid://shopify/Product/15448582652289
nahtloser-body-shaping-thong-625900	gid://shopify/Product/15448583700865
strickpullover-mit-laternenarmeln-615200	gid://shopify/Product/15448594383233
mini-luftreiniger-mit-sternenhimmel-projektion-623200	gid://shopify/Product/15454235656577
keramik-topf-mit-blumenmuster-deckel-609100	gid://shopify/Product/15454414471553
retro-tribal-kurzarm-shirt-herren-636500	gid://shopify/Product/15455160140161
moderne-plusch-kissenhulle-mit-jacquard-muster-602200	gid://shopify/Product/15455892373889
sexy-tragerkleid-mit-strass-applikationen-635700	gid://shopify/Product/15470376419713
kerzenhalter-aus-schmiedeeisen-im-retro-stil-603400	gid://shopify/Product/15473355227521
sport-outfit-set-bh-tanktop-high-waist-legging-842945	gid://shopify/Product/15448596218241
zweiteiliges-set-mit-v-ausschnitt-und-hose-629700	gid://shopify/Product/15448596939137
sportlicher-color-block-cardigan-und-hose-set-628700	gid://shopify/Product/15448598184321
tragerloser-bikini-fur-strand-und-thermalbad-631000	gid://shopify/Product/15448599232897
elegantes-maxikleid-mit-blumenmuster-604900	gid://shopify/Product/15448599593345
luftreiniger-befeuchter-633700	gid://shopify/Product/15473433149825
mini-mikrofon-mit-rauschunterdruckung-657088	gid://shopify/Product/15481765134721
luftbefeuchter-leuchtturm-a81558	gid://shopify/Product/15483935392129
akku-heissklebepistole-set-21v-mit-50-klebesti-600200	gid://shopify/Product/15493277352321
damen-mesh-top-mit-tupfenarmeln-623900	gid://shopify/Product/15448659460481
seiden-gesichtsmaske-mit-uv-schutz-634900	gid://shopify/Product/15448810586497
ruckenfreier-mesh-hoodie-in-solid-color-fur-st-635800	gid://shopify/Product/15449436946817
militarfahrzeug-bausteine-fur-kinder-623100	gid://shopify/Product/15493856723329
3-in-1-multifunktionales-kabelloses-ladegerat-dd8341	gid://shopify/Product/15497442853249
