15451907129729	12er-Set Poolabdeckungs-Gewichtssäcke	kategorie-tasche entfernt
15451907588481	2er-Set Schrank-Organizer für Kleider & Accessoires	kategorie-tasche entfernt
15451907850625	7-Tage Pillendose mit 3 Fächern pro Tag	kategorie-tasche entfernt
15451908145537	2er-Set Sortierboxen mit je 28 Fächern	kategorie-tasche entfernt
15451908735361	Multifunktionales Ballnetz mit Schulterriemen	kategorie-tasche entfernt
15451909292417	Brotkasten aus Bambus	kategorie-tasche entfernt
15451910209921	Schuh-Organizer für die Tür, 10 Fächer	kategorie-tasche entfernt
15451910570369	Minimalistisches 2-Lagen Metallregal	kategorie-tasche entfernt
15452677210497	Faltbarer Aufbewahrungs-Schrank	kategorie-tasche entfernt
15452677276033	Holz-Desktop-Organizer	kategorie-tasche entfernt
15453775692161	Wasserdichte Reisebox für Make-up-Bürsten	kategorie-tasche entfernt
15453775790465	Weihnachtsstrumpf-Ornament	kategorie-tasche entfernt
15453775888769	Weihnachtsstrumpf mit Samt-Optik	kategorie-tasche entfernt
15454094459265	Obst- und Gemüsekorb	kategorie-tasche entfernt
15454094721409	Aufbewahrungsbox aus Suede	kategorie-tasche entfernt
15455426675073	Lacquer-Juwelierbox mit grossem Fassungsvermögen	kategorie-tasche entfernt
15455427264897	Fensterfolien-Toolset	kategorie-tasche entfernt
15455516328321	Multifunktionale Geschirrhalterung	kategorie-tasche entfernt
15455516426625	Aufbewahrungsregal für Küche und Haushalt	kategorie-tasche entfernt
15455729975681	Rote Samt-Juwelierbox mit Doppelöffnung	kategorie-tasche entfernt
15455730041217	Retro-Edles Schmuckkästchen multifunktional	kategorie-tasche entfernt
15455760875905	Kasten für Manschettenknöpfe	kategorie-tasche entfernt
15455765922177	Geflochtener Aufbewahrungskorb	kategorie-tasche entfernt
15458651242881	Mehrzweck-Tennisball-Aufbewahrungsbehälter	kategorie-tasche entfernt
15463783760257	Faltbare Aufbewahrungsbox für Bettwäsche (4er-Set)	kategorie-tasche entfernt
15470684799361	Reise-Schmuck-Organizer	kategorie-tasche entfernt
15472378052993	Multifunktionaler Yo-Yo Organizer	kategorie-tasche entfernt
15472378118529	Dusch-Organizer mit 7 Fächern	kategorie-tasche entfernt
15472378216833	Geflochtener Korb aus Baumwollseil	kategorie-tasche entfernt
15472378380673	Mahjong Set Multifunktionaler Make-up Organizer	kategorie-tasche entfernt
15472378577281	Reise-Organizer für Mahjong-Set	kategorie-tasche entfernt
15472378708353	Geschenkbox im Retro-Stil mit Rosen oder Calla	kategorie-tasche entfernt
15473059987841	Geschenkbox für Brautjungfern	kategorie-tasche entfernt
15473085088129	Schubladen-Organizer für Kosmetik	kategorie-tasche entfernt
15473433608577	Digitaler Organizer, gross (wasserdicht)	kategorie-tasche entfernt
15476176748929	Rezeptständer aus Massivholz zum Aufhängen	kategorie-tasche entfernt
15476176912769	Würfel- und Kartenspeicherbox für Deckboxen	kategorie-tasche entfernt
15476177011073	Schmuckkästchen aus Massivholz	kategorie-tasche entfernt
15476177207681	Wasserdichter Kamera-Organizer	kategorie-tasche entfernt
15476177273217	Tragbare Make-up Pinsel Aufbewahrung	kategorie-tasche entfernt
15476177600897	Minimalistischer Schubladen-Organizer aus Bambus	kategorie-tasche entfernt
15477388181889	Waffenaufbewahrung	kategorie-tasche entfernt
15477418918273	3-stufiger Schmuckorganizer	kategorie-tasche entfernt
15477419278721	Keramik Butterdose	kategorie-tasche entfernt
15477929148801	Samt Schmuckbox für Ringe und Halsketten	kategorie-tasche entfernt
15478427386241	Mini-Schmuckkasten	kategorie-tasche entfernt
15478427550081	Kompakte Schmuckbox mit Spiegel	kategorie-tasche entfernt
15478428041601	Samt Schmucktablett, Olivgrün	kategorie-tasche entfernt
15478428172673	Tragbarer Holz-Abfallsackhalter	kategorie-tasche entfernt
15478428598657	Hug Chicken drehbarer Aufbewahrungskorb	kategorie-tasche entfernt
15478586048897	Cremefarbene Aufbewahrungsbox aus Kunststoff	kategorie-tasche entfernt
15478611771777	Mahjong-Spielsteine Halterung	kategorie-tasche entfernt
15484500181377	Retro Wandregal aus Massivholz	kategorie-tasche entfernt
15484500246913	Faltbarer Picknick- und Einkaufshelfer	kategorie-tasche entfernt
15484500443521	Ovaler Eiskübel aus Zinnblech	kategorie-tasche entfernt
15484500509057	Trinkblase für Outdoor-Aktivitäten	kategorie-tasche entfernt
15485732356481	Badezimmerregal	kategorie-tasche entfernt
15485735403905	Faltbare Kleiderschrank-Aufbewahrungsbox, ausziehbar	kategorie-tasche entfernt
15485844455809	Outdoor Trinkblase	kategorie-tasche entfernt
15487524274561	Quilted Aufbewahrungsbox	kategorie-tasche entfernt
15488500629889	Schmuckaufbewahrungsbox	kategorie-tasche entfernt
15489661862273	Ohrhoererschutz mit Sternenmuster	kategorie-tasche entfernt
15491071705473	Grosser Aufbewahrungsbox	kategorie-tasche entfernt
15491071738241	Netz-Organizer für Badespielzeug	kategorie-tasche entfernt
15491772416385	Feuchtigkeitsdichtes 4-Fach Gewürz-Set mit Löffel	kategorie-tasche entfernt
15491772711297	Wand Gewürzregal mit Schubladen	kategorie-tasche entfernt
15492023091585	Herzförmige Schmuckbox	kategorie-tasche entfernt
15492023124353	Reise-Schmuckbox mit Reissverschluss	kategorie-tasche entfernt
15492023189889	Rechteckige Acryl-Spardose	kategorie-tasche entfernt
15492080075137	Doppelstöckiger Korb für Zwiebeln, Ingwer, Knoblauch	kategorie-tasche entfernt
15494689161601	Passwort Safe	kategorie-tasche entfernt
15494689948033	Dekorativer Hängekorb, 3-stöckig	kategorie-tasche entfernt
15494690144641	L-förmiger Auszieh-Organizer für den Spülunterschrank	kategorie-tasche entfernt
15494690472321	Transparenter Organizer für Schubladen	kategorie-tasche entfernt
15494691258753	Desktop Aufbewahrungsbox mit Deckel	kategorie-tasche entfernt
15494693454209	Auto-Sitzlücken-Organizer aus Leder	kategorie-tasche entfernt
15494693618049	Tragbares Ausziehregal für die Küche	kategorie-tasche entfernt
15494694338945	Ultraleichte, wasserdichte Picknickdecke	kategorie-tasche entfernt
15494694601089	Spielzeug-Aufbewahrungsbehälter	kategorie-tasche entfernt
15494853984641	Schminkorganizer	kategorie-tasche entfernt
15494854574465	Luxus-Müllbehälter	kategorie-tasche entfernt
15494855491969	TV-Zahnstocher-Box im japanischen Stil	kategorie-tasche entfernt
15494855721345	Keramik-Aufbewahrungsdose mit Legierungsdeckel	kategorie-tasche entfernt
15494856049025	Faltbare Outdoor-Box mit Holzdeckel	kategorie-tasche entfernt
15494856212865	Faltbarer 22L Wassertank für Auto & Outdoor	kategorie-tasche entfernt
15495104102785	Kühlbox fürs Auto aus Oxford-Stoff	kategorie-tasche entfernt
15495104364929	Grosser, geruchsdichter Abfalleimer für die Küche	kategorie-tasche entfernt
15495104659841	Kühlbox Faltbar mit Rollen	kategorie-tasche entfernt
15495117373825	Drehbarer Organizer für Kosmetik und Büro	kategorie-tasche entfernt
15495117570433	Kord Aufbewahrungskorb mit Fächern	kategorie-tasche entfernt
15495117701505	Retro Schmuckkästchen im Burg-Stil	kategorie-tasche entfernt
15495117832577	Lovewood Serviertablett Vintage	kategorie-tasche entfernt
15495117996417	Mehrzweck-Vorratsdose mit Deckel	kategorie-tasche entfernt
15495138279809	Rollwagen für Einkauf und Aufbewahrung	kategorie-tasche entfernt
15495138771329	Holz-Kosmetiktuchbox im modernen, minimalistischen Stil	kategorie-tasche entfernt
15495139033473	Wandregal aus Massivholz mit Haken	kategorie-tasche entfernt
15495139131777	Korb aus Baumwollseil mit Buchstaben-Stickerei	kategorie-tasche entfernt
15495139262849	Kabel- und Kopfhörer-Organizer	kategorie-tasche entfernt
15495139459457	Retro Schmuck-Aufbewahrungsbox	kategorie-tasche entfernt
15495139754369	Faltbarer Wäschekorb im japanischen Stil	kategorie-tasche entfernt
15495140049281	Multifunktionaler Kinderwagen-Organizer	kategorie-tasche entfernt
15495193231745	Holz-Organizer mit 20 Fächern	kategorie-tasche entfernt
15495193461121	Nordischer Metallkorb für Schreibtisch & Früchte	kategorie-tasche entfernt
15495193592193	Handgemachte Bambus Etagere	kategorie-tasche entfernt
15495193854337	Doppellagiger Nagellack Organizer	kategorie-tasche entfernt
15495235076481	Leder Geschenkbox Rund	kategorie-tasche entfernt
15495235174785	Retro Eisen Aufbewahrungskorb	kategorie-tasche entfernt
15495235305857	Glas-Servierplatte mit Holztablett	kategorie-tasche entfernt
15495235436929	Kürbis-Schatulle aus Massivholz	kategorie-tasche entfernt
15495235600769	Rustikaler Aufbewahrungskorb aus Baumwollseil	kategorie-tasche entfernt
15496129675649	Holz-Hakenregal	kategorie-tasche entfernt
15496129708417	Mehrschichtiger Aufbewahrungs-Schrank	kategorie-tasche entfernt
15496129741185	Hakenleiste für Schranktüren und Wände	kategorie-tasche entfernt
15496129773953	Modernes Handtuchregal aus Holz und Metall	kategorie-tasche entfernt
15496129806721	Handgeflochtener Picknickkorb aus Weide	kategorie-tasche entfernt
15496129937793	Mehrstufiger Kosmetik-Organizer für den Schreibtisch	kategorie-tasche entfernt
15496130036097	Buchstütze Bär aus Schwarznussbaumholz	kategorie-tasche entfernt
15496130167169	Schlüsselbrett aus Massivholz	kategorie-tasche entfernt
15496130298241	Reise-Organizer-Set	kategorie-tasche entfernt
15496147140993	Stifte- und Pinselhalter Schmetterling	kategorie-tasche entfernt
15496148156801	Wöchentlicher Pillendispenser zur Wandmontage	kategorie-tasche entfernt
15496152383873	Nordischer Acryl Organizer mit Schubladen	kategorie-tasche entfernt
15496184004993	Schmuckkästchen für Ringe, Ketten, Ohrringe	kategorie-tasche entfernt
15496184168833	Schmuckkästchen für Ringe, Ketten und Armbänder	kategorie-tasche entfernt
15496184332673	Getränkehalter für Auto – kein Verschütten	kategorie-tasche entfernt
15496185643393	Staub- und feuchtigkeitsdichte Kleidersäcke	kategorie-tasche entfernt
15496186397057	Doppellagiges Waschbecken mit Abtropfkorb	kategorie-tasche entfernt
15496228733313	Urne für Tierasche mit Pfotenabdruck	kategorie-tasche entfernt
15496228897153	Urne für Tierasche – Kiefernholz mit Kreuz	kategorie-tasche entfernt
15496229028225	Erweiterbares Reise-Organizer-Set (6-teilig)	kategorie-tasche entfernt
15496229159297	Wandhakenleiste im Antik-Stil	kategorie-tasche entfernt
15496229290369	Wandregal mit Haken, braun	kategorie-tasche entfernt
15496229421441	Drehbare Haken aus Nussholz	kategorie-tasche entfernt
15496229585281	Rattan-Look Aufbewahrungskorb mit Deckel	kategorie-tasche entfernt
15496229880193	Hängekorb Rattan-Stil für Früchte & Snacks	kategorie-tasche entfernt
15496230011265	Schmuckkassette mit Schlüssel – Mikrofaserleder	kategorie-tasche entfernt
15496230175105	Reise-Schmuckbox für Ohrringe & Accessoires	kategorie-tasche entfernt
15496372879745	Mandala Stiftehalter aus Holz	kategorie-tasche entfernt
15496373043585	Wandregal aus Aluminium, 50 cm	kategorie-tasche entfernt
15496373404033	Doppelstöckiges Ausziehregal für Küche & Bad	kategorie-tasche entfernt
15496373535105	Medaillen- und Münz-Sammelbox aus Nussbaum	kategorie-tasche entfernt
15496377991553	Münz-Aufbewahrungsbox aus Nussholz	kategorie-tasche entfernt
15496378286465	Badezimmer Ablageregal mit Saugnäpfen	kategorie-tasche entfernt
15496378417537	Schmuckbox aus PU-Leder mit abgerundeten Ecken	kategorie-tasche entfernt
15496378548609	6er Set komprimierbare Reise-Organizer	kategorie-tasche entfernt
15496378679681	Japanische Schubladen-Aufbewahrungsbox, verschiedene Grössen	kategorie-tasche entfernt
15496378974593	Kartenhalter Ring Halsketten Aufbewahrungsbox	kategorie-tasche entfernt
15496393982337	Oster-Geschenkkorb „Ei“	kategorie-tasche entfernt
15496394113409	Mehrstufiges Weinregal aus Holz	kategorie-tasche entfernt
15496394277249	Keramik-Schmucktablett in Wolkenform	kategorie-tasche entfernt
15496394408321	Wandgarderobe mit Ablage	kategorie-tasche entfernt
15496394539393	Muschelförmiges Schmuckkästchen aus Samt	kategorie-tasche entfernt
15496394637697	Samt-Ringbox mit versteckten Knöpfen	kategorie-tasche entfernt
15496394768769	SIXI Schmuckbox aus Nussbaumholz für Uhren und Ringe	kategorie-tasche entfernt
15496395194753	Aquarellkasten mit Uhrenarmband	kategorie-tasche entfernt
15496395358593	Faltbarer Fächer mit Trageschlaufe	kategorie-tasche entfernt
15496507851137	Grosser hängender Reise-Organizer	kategorie-tasche entfernt
15496507916673	Organizer für Frischhaltedeckel	kategorie-tasche entfernt
15496508014977	Tragbare Flöten-Transportbox	kategorie-tasche entfernt
15496508211585	Mini-Safe mit Zahlencode und Schlüssel	kategorie-tasche entfernt
15496508309889	Schlüsselschale aus Leder	kategorie-tasche entfernt
15496508408193	Bambus Badregal für Badewanne	kategorie-tasche entfernt
15496509456769	Elektrische Zahnbürstenhalterung im Nordic Style	kategorie-tasche entfernt
15496509751681	Staubdichte Make-up-Pinsel Aufbewahrungsbox mit Deckel	kategorie-tasche entfernt
15496578826625	Kreative Cartoon Kabelbox	kategorie-tasche entfernt
15496579121537	Farbige Kartenbox mit Sichtfenster	kategorie-tasche entfernt
15496579252609	Faltbare Schuhbox aus Oxford-Stoff mit Reissverschluss	kategorie-tasche entfernt
15496579350913	Hochwertige Samt-Schmuckbox für Armbänder	kategorie-tasche entfernt
15496579481985	Aufbewahrungsbox für Spielkonsole	kategorie-tasche entfernt
15496579645825	PU Leder Ablageschale und Schlüsselanhänger	kategorie-tasche entfernt
15496579776897	Kreativer Snack- und Früchtekorb	kategorie-tasche entfernt
15496579907969	Elegante Kristallglas-Schale	kategorie-tasche entfernt
15496580071809	50er Set Münzboxen mit Aufbewahrung	kategorie-tasche entfernt
15496580202881	Stilvolles Holzregal für dein Zuhause	kategorie-tasche entfernt
15496580333953	Paris Courtyard Schmuck-Organizer	kategorie-tasche entfernt
15497420013953	Holz Münzenkassette	kategorie-tasche entfernt
15497420046721	Holzschlüsselhalter	kategorie-tasche entfernt
15497420079489	Elegante Samt Schmuckbox	kategorie-tasche entfernt
15497420112257	Gestreifter Make-up Organizer für Reisen	kategorie-tasche entfernt
15497420177793	Faltbarer Wäschekorb aus Leder, wasserdicht	kategorie-tasche entfernt
15497420276097	Münzen-, Abzeichen- & Medaillen-Display	kategorie-tasche entfernt
15497420374401	Holz Schmuck-Organizer, Gross	kategorie-tasche entfernt
15497420472705	Samt Schmuckbox mit grosser Kapazität	kategorie-tasche entfernt
15497420538241	Deko-Stein für Snacks & Display	kategorie-tasche entfernt
15497420636545	Holz-Serviertablett für Snacks & Früchte	kategorie-tasche entfernt
15497420767617	Kosmetik-Organizer-Set mit Schleifen	kategorie-tasche entfernt
15497420964225	Stoff-Organizer für Wohnmobil-Tür	kategorie-tasche entfernt
15497439445377	Handbemalte Keramik-Teedose mit gelber Glasur	kategorie-tasche entfernt
15497439510913	Grosser Kosmetik-Organizer mit erhöhten Fächern	kategorie-tasche entfernt
15497439904129	Monitor-Erhöhung mit Schubladen	kategorie-tasche entfernt
15497440166273	Faltbarer Wäschekorb für Schmutzwäsche	kategorie-tasche entfernt
15497440264577	Holz-Etagere für Tee und Snacks	kategorie-tasche entfernt
15497448784257	Retro Holz-Etagere für Snacks & Desserts	kategorie-tasche entfernt
15497449177473	Faltbare, feuerfeste Aufbewahrungsbox	kategorie-tasche entfernt
15497449275777	Korb mit Hasenohren im Rattan-Stil	kategorie-tasche entfernt
15497449374081	Grosser, multifunktionaler Schmuck-Organizer aus Samt	kategorie-tasche entfernt
15497449603457	Exquisite Schmuckbox für Halsketten & Accessoires	kategorie-tasche entfernt
15497449701761	Küchen-Geschirrschrank mit Auszugregal	kategorie-tasche entfernt
15497450094977	Wäschekorb und Aufbewahrungsregal, 2-stufig	kategorie-tasche entfernt
15497464086913	Keramik-Ei-Aufbewahrung	kategorie-tasche entfernt
15497464217985	Auto-Sitz-Organizer aus Wildleder	kategorie-tasche entfernt
15497464250753	Hohes Gold-Akzent Glasgefäss	kategorie-tasche entfernt
15497464316289	Velo-Werkzeugbox im Flaschenformat	kategorie-tasche entfernt
15497464512897	Vintage Schmuckschatulle im chinesischen Stil	kategorie-tasche entfernt
15497464709505	Kabel-Organizer im Rattan-Stil	kategorie-tasche entfernt
15497641722241	Leder-Schmuckkasten	kategorie-tasche entfernt
15497642377601	Hexagon Wandregal-Set aus Schmiedeeisen	kategorie-tasche entfernt
15497643688321	Faltbarer Oxford Stoff Wäschekorb	kategorie-tasche entfernt
15497644114305	Edle Schmuckbox aus Palisanderholz mit Elster-Motiv	kategorie-tasche entfernt
15497644605825	Holz-Aufbewahrungsbox mit Klappdeckel	kategorie-tasche entfernt
15497645523329	7-lagiger Dokumenten-Organizer mit Doppelclip	kategorie-tasche entfernt
15497646965121	Reise-Organizer-Set mit Kompression	kategorie-tasche entfernt
15497647358337	Stapelbare Acryl-Aufbewahrungsbox	kategorie-tasche entfernt
15498887397761	Kompakter Zigarrenkasten	kategorie-tasche entfernt
15498887692673	Faltbarer Aufbewahrungsbox	kategorie-tasche entfernt
15498888446337	Faltbarer Outdoor-Abfalleimer mit Deckel	kategorie-tasche entfernt
15498888806785	Schmuckkästchen aus PU-Leder, gross	kategorie-tasche entfernt
15498889200001	Kabel-Organizer Box	kategorie-tasche entfernt
15499948786049	Wachsständer	kategorie-tasche entfernt
15499949179265	Organisator für Fernbedienungen	kategorie-tasche entfernt
15499950424449	Spice-Rack für die Küche	kategorie-tasche entfernt
15499951243649	Doppel-Tellerablage mit Entwässerungsstand und grossen Wasser-Einsammel	kategorie-tasche entfernt
15499952030081	Umbrella-Halter	kategorie-tasche entfernt
15500161515905	Schlüsselhalter für Eingang	kategorie-tasche entfernt
15500161909121	Schmuckkiste aus PU-Leder	kategorie-tasche entfernt
15500162236801	Makeup-Organizer	kategorie-tasche entfernt
15500163350913	Video Ringbox mit LCD-Bildschirm	kategorie-tasche entfernt
15500192579969	Holz-Organisationsbox	kategorie-tasche entfernt
15500193104257	Edelrose Schmuckkiste	kategorie-tasche entfernt
15500194283905	Transparenz-Regal mit LED-Licht	kategorie-tasche entfernt
15500402459009	Stainless Stahl Lunchbox	kategorie-tasche entfernt
15500402557313	Eingangskorb	kategorie-tasche entfernt
15500402786689	Keramik-Utensilienhalter im Japan-Stil	kategorie-tasche entfernt
15500402983297	Schmuck-Organizer Pfauenblau Samt	kategorie-tasche entfernt
15500403212673	Keramik-Spatel- und Löffelbehälter	kategorie-tasche entfernt
15500403376513	Uhrenkiste	kategorie-tasche entfernt
15500403671425	Holz-Schmuckkiste für Ringe, Ohrringe und Stecker	kategorie-tasche entfernt
15500403802497	Retro Schmuckbox aus Metall mit Schloss	kategorie-tasche entfernt
15500403933569	Drehbarer, wasserdichter Smartphone-Halter	kategorie-tasche entfernt
15500404097409	Schmuckkästchen	kategorie-tasche entfernt
15500487131521	Schmuckkassette	kategorie-tasche entfernt
15500487262593	Desktop Organizer	kategorie-tasche entfernt
15500487590273	Holzoptik-Schublade	kategorie-tasche entfernt
15500487754113	Alu-Set-Top-Box-Aufbewahrung	kategorie-tasche entfernt
15500487917953	Tortillahalter	kategorie-tasche entfernt
15500491522433	Velvet Schmuckkästchen	kategorie-tasche entfernt
15500491686273	Reise-Schmuckbox mit Anti-Oxidation	kategorie-tasche entfernt
15500492013953	Schmuck-Organizer mit 6 Schubladen	kategorie-tasche entfernt
15500492145025	Acryl-Vitrine für Sammlerstücke	kategorie-tasche entfernt
15500492276097	Holz-Uhrenbox mit Glasdach	kategorie-tasche entfernt
15500492439937	PU Fotoalbum für 288 Bilder	kategorie-tasche entfernt
15500897845633	Kaffeebohnen-Dispenser	kategorie-tasche entfernt
15500898042241	Badezimmertresen	kategorie-tasche entfernt
15500898140545	Silikon-Box für Brillen	kategorie-tasche entfernt
15500899287425	Minimaleimer aus Metall	kategorie-tasche entfernt
15500899516801	Spülmaschinenspender mit Schwammregal	kategorie-tasche entfernt
15500899680641	Schmuckbox aus Leder	kategorie-tasche entfernt
15500899811713	Leder-Diamanten-Schmuckkassette	kategorie-tasche entfernt
15500899942785	Schafsfell-Juwelenkassette	kategorie-tasche entfernt
15500899975553	Juwelenkasten	kategorie-tasche entfernt
15500913181057	Weihnachts-Geschenksäckli aus Baumwolle/Leinen	kategorie-tasche entfernt
15500913443201	Multifunktionaler Schneidebrett-Halter	kategorie-tasche entfernt
15500913541505	Handgeflochtener Rattan-Korb	kategorie-tasche entfernt
15500913672577	Salatschüssel mit Deckel	kategorie-tasche entfernt
15500913803649	Samt-Schmuckkästchen bestickt	kategorie-tasche entfernt
15500914524545	Ringschmuckboxen	kategorie-tasche entfernt
15500914622849	Spice-Schublade für den Essplatz	kategorie-tasche entfernt
15500914786689	Acryl Aufbewahrungsbox für Figuren	kategorie-tasche entfernt
15500914884993	Schwarzer Schreibtischschränkchen	kategorie-tasche entfernt
15500915376513	Minimalistische Kapsel- und Tee-Aufbewahrungsbox	kategorie-tasche entfernt
15500915507585	Büro-Shelf	kategorie-tasche entfernt
15500937560449	Stapelbares Dosenregal, transparent	kategorie-tasche entfernt
15500938609025	Kleider-Organisator-Set	kategorie-tasche entfernt
15500938903937	Vintage-Accessoire für Schmuck	kategorie-tasche entfernt
15500971540865	Schränkchen für Schmuck	kategorie-tasche entfernt
15500971671937	Reise-Schmuckbox aus Samt	kategorie-tasche entfernt
15500971770241	Vintage Schmuckbox mit grossem Fassungsvermögen	kategorie-tasche entfernt
15500971966849	Rundes Tablett aus Massivholz	kategorie-tasche entfernt
15500972097921	Dyson-Verlängerungsbügel	kategorie-tasche entfernt
15500972228993	Wandregal-Set aus Holz, 2-teilig	kategorie-tasche entfernt
15500972392833	Faltbarer Wäschekorb mit Rollen, XL	kategorie-tasche entfernt
15500972556673	Rechteckiges Holztablett mit Metallgriff	kategorie-tasche entfernt
15500972753281	Ausziehbarer Organizer für Küchenutensilien	kategorie-tasche entfernt
15500972917121	Badregal aus Edelstahl	kategorie-tasche entfernt
15500973015425	Dachshund Couchtisch-Aufbewahrungsbox	kategorie-tasche entfernt
15500973310337	Milchzahn-Sammelbox aus Buchenholz	kategorie-tasche entfernt
15501053100417	Kleiderständer	kategorie-tasche entfernt
15501053198721	Moderne europäische Eisenkerzenhalter-Statue	kategorie-tasche entfernt
15501053297025	Bambus-Früchte-Platte	kategorie-tasche entfernt
15501053329793	Intelligenter Müllbehälter	kategorie-tasche entfernt
