2026-10-04	gid://shopify/Product/15446016557441	Grösse	24cm	24 cm
2026-10-04	gid://shopify/Product/15446016557441	Grösse	26cm	26 cm
2026-10-04	gid://shopify/Product/15446016557441	Grösse	28cm	28 cm
2026-10-04	gid://shopify/Product/15446016557441	Grösse	30cm	30 cm
2026-10-04	gid://shopify/Product/15446016557441	Grösse	32cm	32 cm
2026-10-04	gid://shopify/Product/15446018326913	Grösse	24cm	24 cm
2026-10-04	gid://shopify/Product/15446018326913	Grösse	26cm	26 cm
2026-10-04	gid://shopify/Product/15446018326913	Grösse	28cm	28 cm
2026-10-04	gid://shopify/Product/15446271164801	Grösse	45cm	45 cm
2026-10-04	gid://shopify/Product/15446271164801	Grösse	65cm	65 cm
2026-10-04	gid://shopify/Product/15447899406721	Grösse	100cm	100 cm
2026-10-04	gid://shopify/Product/15447899406721	Grösse	115cm	115 cm
2026-10-04	gid://shopify/Product/15447899406721	Grösse	125cm	125 cm
2026-10-04	gid://shopify/Product/15447899734401	Grösse	105cm	105 cm
2026-10-04	gid://shopify/Product/15447899734401	Grösse	115cm	115 cm
2026-10-04	gid://shopify/Product/15447901831553	Grösse	100cm	100 cm
2026-10-04	gid://shopify/Product/15447901831553	Grösse	105cm	105 cm
2026-10-04	gid://shopify/Product/15447901831553	Grösse	110cm	110 cm
2026-10-04	gid://shopify/Product/15447901831553	Grösse	115cm	115 cm
2026-10-04	gid://shopify/Product/15447901831553	Grösse	120cm	120 cm
2026-10-04	gid://shopify/Product/15447902126465	Grösse	90cm	90 cm
2026-10-04	gid://shopify/Product/15447902126465	Grösse	100cm	100 cm
2026-10-04	gid://shopify/Product/15447902126465	Grösse	110cm	110 cm
2026-10-04	gid://shopify/Product/15447903502721	Grösse	100cm	100 cm
2026-10-04	gid://shopify/Product/15447903502721	Grösse	105cm	105 cm
2026-10-04	gid://shopify/Product/15447903502721	Grösse	115cm	115 cm
2026-10-04	gid://shopify/Product/15447903502721	Grösse	120cm	120 cm
2026-10-04	gid://shopify/Product/15447903502721	Grösse	110cm	110 cm
2026-10-04	gid://shopify/Product/15447903502721	Grösse	125cm	125 cm
2026-10-04	gid://shopify/Product/15447903502721	Grösse	130cm	130 cm
2026-10-04	gid://shopify/Product/15447903633793	Grösse	110cm	110 cm
2026-10-04	gid://shopify/Product/15447903633793	Grösse	115cm	115 cm
2026-10-04	gid://shopify/Product/15447903633793	Grösse	120cm	120 cm
2026-10-04	gid://shopify/Product/15447903633793	Grösse	125cm	125 cm
2026-10-04	gid://shopify/Product/15447903633793	Grösse	130cm	130 cm
2026-10-04	gid://shopify/Product/15447903764865	Grösse	95CM	95 cm
2026-10-04	gid://shopify/Product/15447903764865	Grösse	100CM	100 cm
2026-10-04	gid://shopify/Product/15447903764865	Grösse	105CM	105 cm
2026-10-04	gid://shopify/Product/15447903764865	Grösse	110CM	110 cm
2026-10-04	gid://shopify/Product/15447904616833	Grösse	105cm	105 cm
2026-10-04	gid://shopify/Product/15447904616833	Grösse	115cm	115 cm
2026-10-04	gid://shopify/Product/15447904616833	Grösse	125cm	125 cm
2026-10-04	gid://shopify/Product/15447905567105	Grösse	110cm	110 cm
2026-10-04	gid://shopify/Product/15447905567105	Grösse	120cm	120 cm
2026-10-04	gid://shopify/Product/15447905567105	Grösse	130cm	130 cm
2026-10-04	gid://shopify/Product/15447905862017	Grösse	105cm	105 cm
2026-10-04	gid://shopify/Product/15447905862017	Grösse	110cm	110 cm
2026-10-04	gid://shopify/Product/15447905862017	Grösse	115cm	115 cm
2026-10-04	gid://shopify/Product/15447905862017	Grösse	120cm	120 cm
2026-10-04	gid://shopify/Product/15447905862017	Grösse	125cm	125 cm
2026-10-04	gid://shopify/Product/15447907205505	Grösse	70cm	70 cm
2026-10-04	gid://shopify/Product/15447907205505	Grösse	80cm	80 cm
2026-10-04	gid://shopify/Product/15447907500417	Grösse	105cm	105 cm
2026-10-04	gid://shopify/Product/15447907500417	Grösse	110cm	110 cm
2026-10-04	gid://shopify/Product/15447907500417	Grösse	115cm	115 cm
2026-10-04	gid://shopify/Product/15447907500417	Grösse	120cm	120 cm
2026-10-04	gid://shopify/Product/15447907500417	Grösse	125cm	125 cm
2026-10-04	gid://shopify/Product/15447907664257	Grösse	100cm	100 cm
2026-10-04	gid://shopify/Product/15447907664257	Grösse	110cm	110 cm
2026-10-04	gid://shopify/Product/15447907828097	Grösse	105cm	105 cm
2026-10-04	gid://shopify/Product/15447907828097	Grösse	110cm	110 cm
2026-10-04	gid://shopify/Product/15447907828097	Grösse	115cm	115 cm
2026-10-04	gid://shopify/Product/15447907828097	Grösse	120cm	120 cm
2026-10-04	gid://shopify/Product/15447908909441	Grösse	100cm	100 cm
2026-10-04	gid://shopify/Product/15447908909441	Grösse	110cm	110 cm
2026-10-04	gid://shopify/Product/15447908909441	Grösse	120cm	120 cm
2026-10-04	gid://shopify/Product/15447920836993	Grösse	60cm	60 cm
2026-10-04	gid://shopify/Product/15447920836993	Grösse	70cm	70 cm
2026-10-04	gid://shopify/Product/15447953342849	Grösse	Girls 3 To 4Y	3–4 Jahre
2026-10-04	gid://shopify/Product/15447953342849	Grösse	Girls 4 To 5Y	4–5 Jahre
2026-10-04	gid://shopify/Product/15447953342849	Grösse	Girls 6 To 7Y	6–7 Jahre
2026-10-04	gid://shopify/Product/15447953342849	Grösse	Girls 8 To 9Y	8–9 Jahre
2026-10-04	gid://shopify/Product/15448550146433	Grösse	F	Einheitsgrösse
2026-10-04	gid://shopify/Product/15448838930817	Grösse	28cm	28 cm
2026-10-04	gid://shopify/Product/15448838930817	Grösse	30cm	30 cm
2026-10-04	gid://shopify/Product/15448838930817	Grösse	32cm	32 cm
2026-10-04	gid://shopify/Product/15448846008705	Grösse	30cm	30 cm
2026-10-04	gid://shopify/Product/15448846008705	Grösse	40cm	40 cm
2026-10-04	gid://shopify/Product/15448846008705	Grösse	50cm	50 cm
2026-10-04	gid://shopify/Product/15448954962305	Grösse	L 56 To 61	L (56–61)
2026-10-04	gid://shopify/Product/15448954962305	Grösse	M 50 To 55	M (50–55)
2026-10-04	gid://shopify/Product/15448954962305	Grösse	S 48 To 50	S (48–50)
2026-10-04	gid://shopify/Product/15449127158145	Grösse	21cm	21 cm
2026-10-04	gid://shopify/Product/15449127158145	Grösse	30cm	30 cm
2026-10-04	gid://shopify/Product/15449464701313	Grösse	40cm	40 cm
2026-10-04	gid://shopify/Product/15449464701313	Grösse	50cm	50 cm
2026-10-04	gid://shopify/Product/15449501041025	Farbe & Grösse	Light Blue-European And American Size XS	XS
2026-10-04	gid://shopify/Product/15449501041025	Farbe & Grösse	Light Blue-European And American Size M	M
2026-10-04	gid://shopify/Product/15449501041025	Farbe & Grösse	Light Blue-European And American Size L	L
2026-10-04	gid://shopify/Product/15449501041025	Farbe & Grösse	Light Blue-European And American Size XL	XL
2026-10-04	gid://shopify/Product/15449501041025	Farbe & Grösse	Light Blue-European And American Size XXL	XXL
2026-10-04	gid://shopify/Product/15450534642049	Grösse	US 10	US10
2026-10-04	gid://shopify/Product/15450832437633	Grösse	F	Einheitsgrösse
2026-10-04	gid://shopify/Product/15450839679361	Grösse	F	Einheitsgrösse
2026-10-04	gid://shopify/Product/15450848002433	Grösse	140cm	140 cm
2026-10-04	gid://shopify/Product/15450848002433	Grösse	130cm	130 cm
2026-10-04	gid://shopify/Product/15450848002433	Grösse	100cm	100 cm
2026-10-04	gid://shopify/Product/15450848002433	Grösse	110cm	110 cm
2026-10-04	gid://shopify/Product/15450848002433	Grösse	120cm	120 cm
2026-10-04	gid://shopify/Product/15504098591105	Grösse	US 10	US10
2026-10-04	gid://shopify/Product/15504098591105	Grösse	US 12	US12
2026-10-04	gid://shopify/Product/15504098591105	Grösse	US 14	US14
2026-10-04	gid://shopify/Product/15504098591105	Grösse	US 16	US16
2026-10-04	gid://shopify/Product/15453775987073	Grösse	15cm	15 cm
2026-10-04	gid://shopify/Product/15453775987073	Grösse	30cm	30 cm
2026-10-04	gid://shopify/Product/15453775987073	Grösse	40cm	40 cm
2026-10-04	gid://shopify/Product/15453775987073	Grösse	50cm	50 cm
2026-10-04	gid://shopify/Product/15453775987073	Grösse	60cm	60 cm
2026-10-04	gid://shopify/Product/15454117691777	Grösse	105cm	105 cm
2026-10-04	gid://shopify/Product/15454117691777	Grösse	120cm	120 cm
2026-10-04	gid://shopify/Product/15455760449921	Grösse	24cm	24 cm
2026-10-04	gid://shopify/Product/15455760449921	Grösse	26cm	26 cm
2026-10-04	gid://shopify/Product/15455760449921	Grösse	28cm	28 cm
2026-10-04	gid://shopify/Product/15455760449921	Grösse	30cm	30 cm
2026-10-04	gid://shopify/Product/15455760449921	Grösse	32cm	32 cm
2026-10-04	gid://shopify/Product/15455895683457	Grösse	S to M	S/M
2026-10-04	gid://shopify/Product/15455895683457	Grösse	L to XL	L/XL
2026-10-04	gid://shopify/Product/15456074465665	Grösse	20cm	20 cm
2026-10-04	gid://shopify/Product/15456074465665	Grösse	22cm	22 cm
2026-10-04	gid://shopify/Product/15456074465665	Grösse	24cm	24 cm
2026-10-04	gid://shopify/Product/15460287250817	Grösse	20cm	20 cm
2026-10-04	gid://shopify/Product/15460287250817	Grösse	30cm	30 cm
2026-10-04	gid://shopify/Product/15460287250817	Grösse	40cm	40 cm
2026-10-04	gid://shopify/Product/15469939556737	Grösse	90cm	90 cm
2026-10-04	gid://shopify/Product/15469939687809	Grösse	134cm	134 cm
2026-10-04	gid://shopify/Product/15469939753345	Grösse	110cm	110 cm
2026-10-04	gid://shopify/Product/15469939786113	Grösse	134cm	134 cm
2026-10-04	gid://shopify/Product/15469939949953	Grösse	134cm	134 cm
2026-10-04	gid://shopify/Product/15469940081025	Grösse	134cm	134 cm
2026-10-04	gid://shopify/Product/15469940081025	Grösse	146cm	146 cm
2026-10-04	gid://shopify/Product/15469940146561	Grösse	128cm	128 cm
2026-10-04	gid://shopify/Product/15469940146561	Grösse	110cm	110 cm
2026-10-04	gid://shopify/Product/15469940146561	Grösse	134cm	134 cm
2026-10-04	gid://shopify/Product/15469940179329	Grösse	110cm	110 cm
2026-10-04	gid://shopify/Product/15469940212097	Grösse	134cm	134 cm
2026-10-04	gid://shopify/Product/15469940441473	Grösse	134cm	134 cm
2026-10-04	gid://shopify/Product/15469940474241	Grösse	134cm	134 cm
2026-10-04	gid://shopify/Product/15469940867457	Grösse	98cm	98 cm
2026-10-04	gid://shopify/Product/15469940932993	Grösse	110cm	110 cm
2026-10-04	gid://shopify/Product/15469940932993	Grösse	128cm	128 cm
2026-10-04	gid://shopify/Product/15469941162369	Grösse	128cm	128 cm
2026-10-04	gid://shopify/Product/15469941162369	Grösse	140cm	140 cm
2026-10-04	gid://shopify/Product/15469941162369	Grösse	158cm	158 cm
2026-10-04	gid://shopify/Product/15469941686657	Grösse	116cm	116 cm
2026-10-04	gid://shopify/Product/15469941686657	Grösse	110cm	110 cm
2026-10-04	gid://shopify/Product/15469941719425	Grösse	98cm	98 cm
2026-10-04	gid://shopify/Product/15469941719425	Grösse	110cm	110 cm
2026-10-04	gid://shopify/Product/15469941817729	Grösse	128cm	128 cm
2026-10-04	gid://shopify/Product/15469941817729	Grösse	140cm	140 cm
2026-10-04	gid://shopify/Product/15469941817729	Grösse	158cm	158 cm
2026-10-04	gid://shopify/Product/15469941817729	Grösse	164cm	164 cm
2026-10-04	gid://shopify/Product/15469942276481	Grösse	128cm	128 cm
2026-10-04	gid://shopify/Product/15469942276481	Grösse	140cm	140 cm
2026-10-04	gid://shopify/Product/15469942276481	Grösse	158cm	158 cm
2026-10-04	gid://shopify/Product/15469942276481	Grösse	164cm	164 cm
2026-10-04	gid://shopify/Product/15469942342017	Grösse	116cm	116 cm
2026-10-04	gid://shopify/Product/15469942342017	Grösse	128cm	128 cm
2026-10-04	gid://shopify/Product/15469942342017	Grösse	140cm	140 cm
2026-10-04	gid://shopify/Product/15469942342017	Grösse	158cm	158 cm
2026-10-04	gid://shopify/Product/15469942505857	Grösse	128cm	128 cm
2026-10-04	gid://shopify/Product/15469942505857	Grösse	140cm	140 cm
2026-10-04	gid://shopify/Product/15469942505857	Grösse	158cm	158 cm
2026-10-04	gid://shopify/Product/15469942505857	Grösse	116cm	116 cm
2026-10-04	gid://shopify/Product/15469942604161	Grösse	128cm	128 cm
2026-10-04	gid://shopify/Product/15469942604161	Grösse	140cm	140 cm
2026-10-04	gid://shopify/Product/15469942866305	Grösse	116cm	116 cm
2026-10-04	gid://shopify/Product/15469942866305	Grösse	128cm	128 cm
2026-10-04	gid://shopify/Product/15469942866305	Grösse	140cm	140 cm
2026-10-04	gid://shopify/Product/15469942866305	Grösse	158cm	158 cm
2026-10-04	gid://shopify/Product/15469942866305	Grösse	164cm	164 cm
2026-10-04	gid://shopify/Product/15469942931841	Grösse	128cm	128 cm
2026-10-04	gid://shopify/Product/15469942931841	Grösse	140cm	140 cm
2026-10-04	gid://shopify/Product/15469942931841	Grösse	158cm	158 cm
2026-10-04	gid://shopify/Product/15469942964609	Grösse	128cm	128 cm
2026-10-04	gid://shopify/Product/15469942964609	Grösse	140cm	140 cm
2026-10-04	gid://shopify/Product/15469942964609	Grösse	158cm	158 cm
2026-10-04	gid://shopify/Product/15469942964609	Grösse	164cm	164 cm
2026-10-04	gid://shopify/Product/15469943030145	Grösse	128cm	128 cm
2026-10-04	gid://shopify/Product/15469943030145	Grösse	140cm	140 cm
2026-10-04	gid://shopify/Product/15469943030145	Grösse	158cm	158 cm
2026-10-04	gid://shopify/Product/15469943062913	Grösse	116cm	116 cm
2026-10-04	gid://shopify/Product/15469943062913	Grösse	128cm	128 cm
2026-10-04	gid://shopify/Product/15469943062913	Grösse	140cm	140 cm
2026-10-04	gid://shopify/Product/15469943161217	Grösse	128cm	128 cm
2026-10-04	gid://shopify/Product/15469943161217	Grösse	140cm	140 cm
2026-10-04	gid://shopify/Product/15469943161217	Grösse	158cm	158 cm
2026-10-04	gid://shopify/Product/15469943161217	Grösse	164cm	164 cm
2026-10-04	gid://shopify/Product/15469943259521	Grösse	128cm	128 cm
2026-10-04	gid://shopify/Product/15469943259521	Grösse	140cm	140 cm
2026-10-04	gid://shopify/Product/15469943259521	Grösse	158cm	158 cm
2026-10-04	gid://shopify/Product/15469943259521	Grösse	164cm	164 cm
2026-10-04	gid://shopify/Product/15469943390593	Grösse	122cm	122 cm
2026-10-04	gid://shopify/Product/15469943390593	Grösse	134cm	134 cm
2026-10-04	gid://shopify/Product/15469943390593	Grösse	152cm	152 cm
2026-10-04	gid://shopify/Product/15469943423361	Grösse	128cm	128 cm
2026-10-04	gid://shopify/Product/15469943423361	Grösse	140cm	140 cm
2026-10-04	gid://shopify/Product/15469943423361	Grösse	158cm	158 cm
2026-10-04	gid://shopify/Product/15469943456129	Grösse	116cm	116 cm
2026-10-04	gid://shopify/Product/15469943456129	Grösse	128cm	128 cm
2026-10-04	gid://shopify/Product/15469943456129	Grösse	140cm	140 cm
2026-10-04	gid://shopify/Product/15469943456129	Grösse	158cm	158 cm
2026-10-04	gid://shopify/Product/15469943751041	Grösse	128cm	128 cm
2026-10-04	gid://shopify/Product/15469943751041	Grösse	140cm	140 cm
2026-10-04	gid://shopify/Product/15469943751041	Grösse	158cm	158 cm
2026-10-04	gid://shopify/Product/15469943980417	Grösse	116cm	116 cm
2026-10-04	gid://shopify/Product/15469944078721	Grösse	116cm	116 cm
2026-10-04	gid://shopify/Product/15469944078721	Grösse	128cm	128 cm
2026-10-04	gid://shopify/Product/15469944078721	Grösse	140cm	140 cm
2026-10-04	gid://shopify/Product/15469944078721	Grösse	158cm	158 cm
2026-10-04	gid://shopify/Product/15469944471937	Grösse	116cm	116 cm
2026-10-04	gid://shopify/Product/15469944471937	Grösse	128cm	128 cm
2026-10-04	gid://shopify/Product/15469944471937	Grösse	140cm	140 cm
2026-10-04	gid://shopify/Product/15469944471937	Grösse	158cm	158 cm
2026-10-04	gid://shopify/Product/15469945258369	Grösse	128cm	128 cm
2026-10-04	gid://shopify/Product/15469945258369	Grösse	140cm	140 cm
2026-10-04	gid://shopify/Product/15469945258369	Grösse	158cm	158 cm
2026-10-04	gid://shopify/Product/15469945258369	Grösse	164cm	164 cm
2026-10-04	gid://shopify/Product/15469945487745	Grösse	116cm	116 cm
2026-10-04	gid://shopify/Product/15469945487745	Grösse	128cm	128 cm
2026-10-04	gid://shopify/Product/15469945487745	Grösse	140cm	140 cm
2026-10-04	gid://shopify/Product/15469945487745	Grösse	158cm	158 cm
2026-10-04	gid://shopify/Product/15469945651585	Grösse	116cm	116 cm
2026-10-04	gid://shopify/Product/15469945651585	Grösse	128cm	128 cm
2026-10-04	gid://shopify/Product/15469945651585	Grösse	140cm	140 cm
2026-10-04	gid://shopify/Product/15469945651585	Grösse	158cm	158 cm
2026-10-04	gid://shopify/Product/15469946339713	Grösse	128cm	128 cm
2026-10-04	gid://shopify/Product/15469946339713	Grösse	140cm	140 cm
2026-10-04	gid://shopify/Product/15469946339713	Grösse	158cm	158 cm
2026-10-04	gid://shopify/Product/15469946798465	Grösse	128cm	128 cm
2026-10-04	gid://shopify/Product/15469946798465	Grösse	140cm	140 cm
2026-10-04	gid://shopify/Product/15469946798465	Grösse	158cm	158 cm
2026-10-04	gid://shopify/Product/15469946831233	Grösse	116cm	116 cm
2026-10-04	gid://shopify/Product/15469946831233	Grösse	128cm	128 cm
2026-10-04	gid://shopify/Product/15469946831233	Grösse	140cm	140 cm
2026-10-04	gid://shopify/Product/15469946831233	Grösse	158cm	158 cm
2026-10-04	gid://shopify/Product/15469946896769	Grösse	128cm	128 cm
2026-10-04	gid://shopify/Product/15469946896769	Grösse	140cm	140 cm
2026-10-04	gid://shopify/Product/15469946896769	Grösse	158cm	158 cm
2026-10-04	gid://shopify/Product/15469947552129	Grösse	116cm	116 cm
2026-10-04	gid://shopify/Product/15469947552129	Grösse	128cm	128 cm
2026-10-04	gid://shopify/Product/15469947552129	Grösse	140cm	140 cm
2026-10-04	gid://shopify/Product/15469947552129	Grösse	158cm	158 cm
2026-10-04	gid://shopify/Product/15469947552129	Grösse	164cm	164 cm
2026-10-04	gid://shopify/Product/15469947879809	Grösse	116cm	116 cm
2026-10-04	gid://shopify/Product/15469947879809	Grösse	128cm	128 cm
2026-10-04	gid://shopify/Product/15469947879809	Grösse	140cm	140 cm
2026-10-04	gid://shopify/Product/15469947879809	Grösse	158cm	158 cm
2026-10-04	gid://shopify/Product/15469948010881	Grösse	116cm	116 cm
2026-10-04	gid://shopify/Product/15469948010881	Grösse	128cm	128 cm
2026-10-04	gid://shopify/Product/15469948010881	Grösse	140cm	140 cm
2026-10-04	gid://shopify/Product/15469948010881	Grösse	158cm	158 cm
2026-10-04	gid://shopify/Product/15469948404097	Grösse	128cm	128 cm
2026-10-04	gid://shopify/Product/15469948404097	Grösse	140cm	140 cm
2026-10-04	gid://shopify/Product/15469948404097	Grösse	158cm	158 cm
2026-10-04	gid://shopify/Product/15469948666241	Grösse	116cm	116 cm
2026-10-04	gid://shopify/Product/15469948666241	Grösse	128cm	128 cm
2026-10-04	gid://shopify/Product/15469948666241	Grösse	140cm	140 cm
2026-10-04	gid://shopify/Product/15469948666241	Grösse	158cm	158 cm
2026-10-04	gid://shopify/Product/15469948961153	Grösse	116cm	116 cm
2026-10-04	gid://shopify/Product/15469949419905	Grösse	128cm	128 cm
2026-10-04	gid://shopify/Product/15469949419905	Grösse	140cm	140 cm
2026-10-04	gid://shopify/Product/15469949419905	Grösse	158cm	158 cm
2026-10-04	gid://shopify/Product/15469949649281	Grösse	116cm	116 cm
2026-10-04	gid://shopify/Product/15469949649281	Grösse	110cm	110 cm
2026-10-04	gid://shopify/Product/15469949911425	Grösse	116cm	116 cm
2026-10-04	gid://shopify/Product/15469950239105	Grösse	98cm	98 cm
2026-10-04	gid://shopify/Product/15469950534017	Grösse	116cm	116 cm
2026-10-04	gid://shopify/Product/15469950534017	Grösse	128cm	128 cm
2026-10-04	gid://shopify/Product/15469950534017	Grösse	140cm	140 cm
2026-10-04	gid://shopify/Product/15469950534017	Grösse	158cm	158 cm
2026-10-04	gid://shopify/Product/15469950665089	Grösse	116cm	116 cm
2026-10-04	gid://shopify/Product/15469950665089	Grösse	128cm	128 cm
2026-10-04	gid://shopify/Product/15469950665089	Grösse	140cm	140 cm
2026-10-04	gid://shopify/Product/15469950665089	Grösse	158cm	158 cm
2026-10-04	gid://shopify/Product/15469950697857	Grösse	128cm	128 cm
2026-10-04	gid://shopify/Product/15469950697857	Grösse	140cm	140 cm
2026-10-04	gid://shopify/Product/15469950697857	Grösse	158cm	158 cm
2026-10-04	gid://shopify/Product/15469950697857	Grösse	164cm	164 cm
2026-10-04	gid://shopify/Product/15469950763393	Grösse	116cm	116 cm
2026-10-04	gid://shopify/Product/15469950763393	Grösse	128cm	128 cm
2026-10-04	gid://shopify/Product/15469950763393	Grösse	140cm	140 cm
2026-10-04	gid://shopify/Product/15469950763393	Grösse	158cm	158 cm
2026-10-04	gid://shopify/Product/15469951091073	Grösse	98cm	98 cm
2026-10-04	gid://shopify/Product/15469951091073	Grösse	110cm	110 cm
2026-10-04	gid://shopify/Product/15469951123841	Grösse	128cm	128 cm
2026-10-04	gid://shopify/Product/15469951123841	Grösse	140cm	140 cm
2026-10-04	gid://shopify/Product/15469951123841	Grösse	158cm	158 cm
2026-10-04	gid://shopify/Product/15469951222145	Grösse	140cm	140 cm
2026-10-04	gid://shopify/Product/15469951222145	Grösse	158cm	158 cm
2026-10-04	gid://shopify/Product/15469951484289	Grösse	140cm	140 cm
2026-10-04	gid://shopify/Product/15469951484289	Grösse	158cm	158 cm
2026-10-04	gid://shopify/Product/15469951484289	Grösse	164cm	164 cm
2026-10-04	gid://shopify/Product/15469951615361	Grösse	128cm	128 cm
2026-10-04	gid://shopify/Product/15469951615361	Grösse	140cm	140 cm
2026-10-04	gid://shopify/Product/15469951615361	Grösse	158cm	158 cm
2026-10-04	gid://shopify/Product/15469952237953	Grösse	128cm	128 cm
2026-10-04	gid://shopify/Product/15469952237953	Grösse	140cm	140 cm
2026-10-04	gid://shopify/Product/15469952237953	Grösse	158cm	158 cm
2026-10-04	gid://shopify/Product/15469952401793	Grösse	116cm	116 cm
2026-10-04	gid://shopify/Product/15469952401793	Grösse	110cm	110 cm
2026-10-04	gid://shopify/Product/15469953614209	Grösse	116cm	116 cm
2026-10-04	gid://shopify/Product/15469953614209	Grösse	128cm	128 cm
2026-10-04	gid://shopify/Product/15469953876353	Grösse	116cm	116 cm
2026-10-04	gid://shopify/Product/15469953876353	Grösse	128cm	128 cm
2026-10-04	gid://shopify/Product/15469953876353	Grösse	140cm	140 cm
2026-10-04	gid://shopify/Product/15469953876353	Grösse	158cm	158 cm
2026-10-04	gid://shopify/Product/15469954761089	Grösse	128cm	128 cm
2026-10-04	gid://shopify/Product/15469954761089	Grösse	140cm	140 cm
2026-10-04	gid://shopify/Product/15469954761089	Grösse	158cm	158 cm
2026-10-04	gid://shopify/Product/15469955252609	Grösse	98cm	98 cm
2026-10-04	gid://shopify/Product/15469955252609	Grösse	110cm	110 cm
2026-10-04	gid://shopify/Product/15469955285377	Grösse	98cm	98 cm
2026-10-04	gid://shopify/Product/15469955383681	Grösse	128cm	128 cm
2026-10-04	gid://shopify/Product/15469955383681	Grösse	140cm	140 cm
2026-10-04	gid://shopify/Product/15469955383681	Grösse	158cm	158 cm
2026-10-04	gid://shopify/Product/15469955383681	Grösse	164cm	164 cm
2026-10-04	gid://shopify/Product/15469955580289	Grösse	116cm	116 cm
2026-10-04	gid://shopify/Product/15469955580289	Grösse	128cm	128 cm
2026-10-04	gid://shopify/Product/15469955580289	Grösse	140cm	140 cm
2026-10-04	gid://shopify/Product/15469955580289	Grösse	158cm	158 cm
2026-10-04	gid://shopify/Product/15469955580289	Grösse	164cm	164 cm
2026-10-04	gid://shopify/Product/15469956039041	Grösse	128cm	128 cm
2026-10-04	gid://shopify/Product/15469956039041	Grösse	140cm	140 cm
2026-10-04	gid://shopify/Product/15469956039041	Grösse	158cm	158 cm
2026-10-04	gid://shopify/Product/15469956235649	Grösse	128cm	128 cm
2026-10-04	gid://shopify/Product/15469956235649	Grösse	140cm	140 cm
2026-10-04	gid://shopify/Product/15469956235649	Grösse	158cm	158 cm
2026-10-04	gid://shopify/Product/15469956235649	Grösse	164cm	164 cm
2026-10-04	gid://shopify/Product/15469956366721	Grösse	98cm	98 cm
2026-10-04	gid://shopify/Product/15469956366721	Grösse	110cm	110 cm
2026-10-04	gid://shopify/Product/15469956596097	Grösse	140cm	140 cm
2026-10-04	gid://shopify/Product/15469956596097	Grösse	158cm	158 cm
2026-10-04	gid://shopify/Product/15469956596097	Grösse	164cm	164 cm
2026-10-04	gid://shopify/Product/15469956792705	Grösse	128cm	128 cm
2026-10-04	gid://shopify/Product/15469956792705	Grösse	140cm	140 cm
2026-10-04	gid://shopify/Product/15469956825473	Grösse	116cm	116 cm
2026-10-04	gid://shopify/Product/15469956825473	Grösse	128cm	128 cm
2026-10-04	gid://shopify/Product/15469956825473	Grösse	140cm	140 cm
2026-10-04	gid://shopify/Product/15469956825473	Grösse	158cm	158 cm
2026-10-04	gid://shopify/Product/15469957349761	Grösse	128cm	128 cm
2026-10-04	gid://shopify/Product/15469957349761	Grösse	140cm	140 cm
2026-10-04	gid://shopify/Product/15469957349761	Grösse	158cm	158 cm
2026-10-04	gid://shopify/Product/15469957742977	Grösse	180cm	180 cm
2026-10-04	gid://shopify/Product/15469957742977	Grösse	190cm	190 cm
2026-10-04	gid://shopify/Product/15469957742977	Grösse	165cm	165 cm
2026-10-04	gid://shopify/Product/15469957906817	Grösse	165cm	165 cm
2026-10-04	gid://shopify/Product/15469957906817	Grösse	180cm	180 cm
2026-10-04	gid://shopify/Product/15469957906817	Grösse	190cm	190 cm
2026-10-04	gid://shopify/Product/15469959545217	Grösse	180cm	180 cm
2026-10-04	gid://shopify/Product/15469959545217	Grösse	190cm	190 cm
2026-10-04	gid://shopify/Product/15469959545217	Grösse	165cm	165 cm
2026-10-04	gid://shopify/Product/15469959577985	Grösse	104cm	104 cm
2026-10-04	gid://shopify/Product/15469959577985	Grösse	116cm	116 cm
2026-10-04	gid://shopify/Product/15469959577985	Grösse	128cm	128 cm
2026-10-04	gid://shopify/Product/15469959577985	Grösse	140cm	140 cm
2026-10-04	gid://shopify/Product/15469959577985	Grösse	152cm	152 cm
2026-10-04	gid://shopify/Product/15469959774593	Grösse	165cm	165 cm
2026-10-04	gid://shopify/Product/15469959774593	Grösse	180cm	180 cm
2026-10-04	gid://shopify/Product/15469959774593	Grösse	190cm	190 cm
2026-10-04	gid://shopify/Product/15469959872897	Grösse	128cm	128 cm
