2026-10-02	15453776019841	Extra Small Size 23 X 34 Cm	XS · 23×34 cm
2026-10-02	15453776019841	Klein 30x38 cm	S · 30×38 cm
2026-10-02	15453776019841	Medium Size 35 X 43 Cm	M · 35×43 cm
2026-10-02	15453776019841	Large Size 40 X 58 Cm	L · 40×58 cm
2026-10-02	15454500979073	Color-S Code	S
2026-10-02	15454500979073	Color-M Code	M
2026-10-02	15464043217281	S Canopy	S · Baldachin
2026-10-02	15464043217281	S Canopy with Patch	S · Baldachin mit Aufnähern
2026-10-02	15464043217281	S Patch Light Strip	S · Aufnäher + Lichterkette
2026-10-02	15464043217281	L Canopy	L · Baldachin
2026-10-02	15464043217281	L Canopy with Patch	L · Baldachin mit Aufnähern
2026-10-02	15464043217281	L Patch Light Strip	L · Aufnäher + Lichterkette
2026-10-02	15480487870849	XS Code-Need To Order Without Toolkit	XS
2026-10-02	15480487870849	S Code-Need To Order Without Toolkit	S
2026-10-02	15480487870849	M Code-Need To Order Without Toolkit	M
2026-10-02	15480487870849	L Code-Need To Order Without Toolkit	L
