kimi-dieser-s-sse-panda-h-lt-dein-han-15412301922689	2026-09-28T20:49:53Z	repariert	8.5 bild+caption
kimi-stylish-unterwegs-dein-kompakter-15412302414209	2026-09-28T20:49:53Z	repariert	8.0 bild+caption
kimi-sprachbarrieren-ad-diese-kopfh-r-15412304707969	2026-09-28T20:49:53Z	repariert	7.83 bild+caption
kimi-schluss-mit-stumpfen-klingen-der-15412304773505	2026-09-28T20:49:53Z	repariert	8.0 bild+caption
kimi-gl-nzender-auftritt-garantiert-d-15412304806273	2026-09-28T20:49:53Z	repariert	8.17 caption
kimi-strahlend-saubere-z-hne-auch-unt-15412306772353	2026-09-28T20:49:53Z	repariert	8.33 bild+caption
kimi-blendfreies-licht-genau-dort-wo--15412408615297	2026-09-28T20:49:53Z	repariert	8.67 bild+caption
kimi-zart-wie-eine-bl-te-stark-wie-ei-15412902855041	2026-09-28T20:49:53Z	repariert	7.83 bild+caption
kimi-sieben-chakren-ein-armband-die-h-15412911178113	2026-09-28T20:49:53Z	repariert	7.0 bild+caption
kimi-zeitlos-elegant-am-handgelenk-di-15412945191297	2026-09-28T20:49:53Z	repariert	8.33 bild+caption
kimi-edles-design-trifft-auf-zeitlose-15412945289601	2026-09-28T20:49:53Z	repariert	9.0 bild+caption
kimi-dein-universum-zum-anziehen-hals-15412960133505	2026-09-28T20:49:53Z	kein-kandidat	4 versucht
kimi-das-doppelreihige-tigerauge-armb-15412964655489	2026-09-28T20:49:53Z	repariert	8.67 bild+caption
kimi-der-klassiker-in-navy-washed-l-s-15412976746881	2026-09-28T20:49:53Z	kein-kandidat	4 versucht
kimi-vintage-look-der-immer-passt-das-15412976845185	2026-09-28T20:49:53Z	repariert	8.33 caption
kimi-mit-der-velo-bist-du-auf-jeder-t-15412978516353	2026-09-28T20:49:53Z	repariert	9.0 bild+caption
kimi-spitze-trifft-color-block-das-la-15413076853121	2026-09-28T20:49:53Z	repariert	8.17 caption
kimi-elegant-durch-den-tag-mit-der-wi-15413077115265	2026-09-28T20:49:53Z	kein-kandidat	4 versucht
kimi-eleganz-zum-reinschl-pfen-diese--15413083898241	2026-09-28T20:49:53Z	repariert	8.33 bild+caption
kimi-leicht-wie-eine-feder-und-atmung-15413083931009	2026-09-28T20:49:53Z	repariert	7.83 bild+caption
kimi-eleganz-trifft-funktion-diese-sl-15413084062081	2026-09-28T20:49:53Z	kein-kandidat	4 versucht
kimi-der-neue-basic-loafer-2026-flach-15413084160385	2026-09-28T20:49:53Z	repariert	7.83 caption
kimi-geniesse-deine-suppe-oder-deinen-15413086323073	2026-09-28T20:49:53Z	repariert	8.33 bild+caption
kimi-der-cropped-blazer-im-chanel-sti-15413725102465	2026-09-28T20:49:53Z	repariert	9.17 caption
kimi-verwandle-dein-handy-in-ein-echt-15413956051329	2026-09-28T20:49:53Z	kein-kandidat	1 versucht
kimi-die-boston-tasche-lussa-aus-echt-15416470208897	2026-09-28T20:49:53Z	repariert	7.17 bild+caption
kimi-statement-ohrringe-in-warmem-kar-15421414277505	2026-09-28T20:49:53Z	repariert	8.17 caption
kimi-glanzauftritt-garantiert-der-mar-15422787453313	2026-09-28T20:49:53Z	repariert	7.83 caption
e-scooter-lithium-akku-ladegerat-605700	2026-09-28T20:49:53Z	keine-id	
reise-hangematte-aus-fallschirm-nylon-86eb20	2026-09-28T20:49:53Z	keine-id	
rizinusol-wickel-wiederverwendbar-bauch-nacken	2026-09-28T20:49:53Z	keine-id	
aufblasbarer-leuchtender-fga975036	2026-09-28T20:49:53Z	keine-id	
kimi-retro-charme-f-r-m-nner-mit-stil-15412964557185	2026-09-29T17:10:09Z	repariert	8.83 caption
kimi-ein-hauch-von-fr-hling-am-ohr-de-15412964786561	2026-09-29T17:10:09Z	kein-kandidat	2 versucht
kimi-minimalistisch-sch-n-und-smart-d-15413961195905	2026-09-29T17:10:09Z	kein-kandidat	1 versucht
skelett-handschuhe-mit-led-fga88280	2026-09-29T17:10:09Z	keine-id	
elektrischer-fleischwolf-5l-kuchenmaschine-656962	2026-09-30T13:10:23Z	keine-id	
kellnergeldborse-portemonnaie-fga58007	2026-09-30T13:10:23Z	keine-id	
