2026-10-10T14:44Z	15504111567233	draft:marke-faelschung	
2026-10-10T14:44Z	15495128285569	draft:marke-faelschung	
2026-10-10T14:44Z	15504228712833	draft:titel-bild-widerspruch	
2026-10-10T14:44Z	15500954665345	tag:marken-pruefen [Xiaomi]	Xiaomi Mijia tragbare Luftpumpe
2026-10-10T14:44Z	15504198238593	tag:marken-pruefen [Xiaomi]	Xiaomi Mi Band 3 Fitness Tracker
2026-10-10T14:44Z	15519838110081	tag:marken-pruefen [Xiaomi]	Xiaomi Mi Band 2 Smartwatch mit Pulsmesser
2026-10-10T14:44Z	15519838142849	tag:marken-pruefen [Xiaomi]	Xiaomi Mi Band 1S Smart-Armband mit Herzfrequenz
2026-10-10T14:44Z	15523952132481	tag:marken-pruefen [Audi]	Bausteinmodell Audi RS7
2026-10-10T14:44Z	15454332780929	tag:marken-pruefen [PS4]	PS4-Fernbedienung mit Bluetooth 3.0
2026-10-10T14:44Z	15479338271105	tag:marken-pruefen [PS4]	Drahtloser PS4-Controller
2026-10-10T14:44Z	15480828264833	tag:marken-pruefen [Mi Band]	Mi Band 6 Runway Smartwatch
2026-10-10T14:44Z	15495401931137	tag:marken-pruefen [PS4]	PS4 Bluetooth Controller
2026-10-10T14:45Z	15496289223041	tag:marken-pruefen [PS3]	PS3 Arcade Joystick mit Turbo-Funktion
2026-10-10T14:45Z	15496307343745	tag:marken-pruefen [PS4]	Kabelloser PS4 Controller
2026-10-10T14:45Z	15496849490305	tag:marken-pruefen [PS4]	Kabelloses PS4 Gamepad mit Touch & Vibration
2026-10-10T14:45Z	15496851161473	tag:marken-pruefen [PS4]	Kabelloser PS4-Gamepad
