gid://shopify/Product/15447905567105	Gothic-Ledergürtel mit Herzschnalle	Gothic-Gürtel aus Kunstleder mit Herzschnalle	2026-10-08
gid://shopify/Product/15496541176193	Schultertasche aus gewaschenem Leder	Schultertasche aus gewaschenem Kunstleder	2026-10-08
gid://shopify/Product/15497533817217	Nordic Strick-Kissenbezug aus Wolle	Nordic Strick-Kissenbezug aus Acryl	2026-10-08
gid://shopify/Product/15499122835841	Kabelloses Ladegerät aus Holz	Kabelloses Ladegerät in Holzoptik	2026-10-08
gid://shopify/Product/15500999983489	Männer-Flachledertasche	Flache Herrentasche aus Kunstleder	2026-10-08
gid://shopify/Product/15501033963905	Leder Schultertasche mit Diamanten	Schultertasche aus Kunstleder mit Strass	2026-10-08
gid://shopify/Product/15504090890625	Leder-Tischset, wasser- und ölfest	Tischset aus Kunstleder, wasser- und ölfest	2026-10-08
gid://shopify/Product/15516216066433	Spitzenbesetztes Seiden-Slipdress	Spitzenbesetztes Satin-Slipdress	2026-10-08
gid://shopify/Product/15523853140353	Schmuckige Ledersandalen mit Kristall- und Transparenzband	Sandalen aus Kunstleder mit Kristall- und Transparenzband	2026-10-08
gid://shopify/Product/15523905175937	Prinzessinnen Lederschuhe für Kinder	Prinzessinnen-Schuhe aus Kunstleder für Kinder	2026-10-08
gid://shopify/Product/15523988275585	Leder Aktenkoffer mit Zahlenschloss	Aktenkoffer aus Kunstleder mit Zahlenschloss	2026-10-08
gid://shopify/Product/15524002333057	Modische Lederstiefel mit weicher Sohle	Modische Stiefel aus Kunstleder mit weicher Sohle	2026-10-08
gid://shopify/Product/15524853645697	Leder-Gürteltasche für Falt-Smartphones	Gürteltasche aus Kunstleder für Falt-Smartphones	2026-10-08
gid://shopify/Product/15525488132481	Mädchen Lederschuhe mit weicher Sohle	Mädchen-Schuhe aus Kunstleder mit weicher Sohle	2026-10-08
gid://shopify/Product/16604857008519	Bulldoggen-Taschenanhänger aus Leder	Bulldoggen-Taschenanhänger aus Kunstleder	2026-10-08
gid://shopify/Product/16606106780039	Golfschuhtasche aus Leder, Litchi-Muster	Golfschuhtasche aus Kunstleder, Litchi-Muster	2026-10-08
gid://shopify/Product/16607164465543	Mädchen-Lederschuhe mit Kristall-Deko	Mädchen-Schuhe aus Kunstleder mit Kristall-Deko	2026-10-08
gid://shopify/Product/16610124890503	Mädchen Lederschuhe mit Blumen und Schleife	Mädchen-Schuhe aus Kunstleder mit Blumen und Schleife	2026-10-08
gid://shopify/Product/16612105486727	Umhängetasche mit Schloss – Lychee-Leder	Umhängetasche mit Schloss – Kunstleder mit Lychee-Narbung	2026-10-08
gid://shopify/Product/15449112674689	Kurze Lederjacke im American Style	Kurze Kunstlederjacke im American Style	2026-10-08
gid://shopify/Product/15449429016961	Lederhandtasche mit mehreren Fächern	Handtasche aus Kunstleder mit mehreren Fächern	2026-10-08
gid://shopify/Product/15449442681217	Herren Clutch Wallet Leder Tasche	Herren-Clutch aus Kunstleder	2026-10-08
gid://shopify/Product/15449583911297	Leder-Kartenhalter für Herren	Kartenhalter aus Kunstleder für Herren	2026-10-08
gid://shopify/Product/15449583976833	Leder-Kartenetui mit Knopf und elastischem Band	Kartenetui aus Kunstleder mit Knopf und elastischem Band	2026-10-08
gid://shopify/Product/15449852445057	Retro-Booties mit Lederriemen und Falten	Retro-Booties mit Riemen und Falten	2026-10-08
gid://shopify/Product/15450011795841	Spitzschuhe mit Stiletto-Absatz aus Leder für Damen	Spitzschuhe mit Stiletto-Absatz für Damen	2026-10-08
gid://shopify/Product/15450693337473	Schwarze Schnürschuhe aus Leder	Schwarze Schnürschuhe aus Kunstleder	2026-10-08
gid://shopify/Product/15450693665153	Dunkelbraune Mary Jane Halbschuhe aus Leder	Dunkelbraune Mary-Jane-Halbschuhe für Damen	2026-10-08
gid://shopify/Product/15450709098881	Plateau-Wedge-Heels aus Lackleder	Plateau-Wedge-Heels in Lackoptik	2026-10-08
gid://shopify/Product/15450729939329	Leder-Slipper mit Metallschnalle	Slipper aus Kunstleder mit Metallschnalle	2026-10-08
gid://shopify/Product/15450730168705	Japan-inspirierte Leder-Halbschuhe mit Absatz	Japan-inspirierte Halbschuhe mit Absatz	2026-10-08
gid://shopify/Product/15450740457857	Herren Leder-Strandschuhe atmungsaktiv	Atmungsaktive Herren-Strandschuhe	2026-10-08
gid://shopify/Product/15450741113217	Elegante Slip-on Lederschuhe für Herren	Elegante Slip-on-Schuhe aus Kunstleder für Herren	2026-10-08
gid://shopify/Product/15450741211521	Herren Casual Lederschuhe mit Metallschnallen	Herren-Casual-Schuhe aus Kunstleder mit Metallschnallen	2026-10-08
gid://shopify/Product/15450741506433	Business-Casual Lederschuhe für Herren	Business-Casual-Schuhe aus Kunstleder für Herren	2026-10-08
gid://shopify/Product/15450830012801	AirTag Leder-Portemonnaie mit RFID-Schutz	AirTag-Portemonnaie mit RFID-Schutz	2026-10-08
gid://shopify/Product/15453894934913	Einfache Leder Schuhe für Mädchen	Einfache Mädchen-Schuhe	2026-10-08
gid://shopify/Product/15454744510849	Süsser Lederblüten-Prinzessinnenschuhe	Süsse Prinzessinnenschuhe mit Kunstlederblüten	2026-10-08
gid://shopify/Product/15455650873729	DIY Armband mit Kupfer-925 Silber Anhängern	DIY-Armband mit versilberten Kupfer-Anhängern	2026-10-08
gid://shopify/Product/15459741434241	Nachtlicht aus Holz und Resin	Nachtlicht in Holzoptik mit Resin	2026-10-08
gid://shopify/Product/15493828051329	Geflochtenes Lederarmband aus Titanstahl	Geflochtenes Kunstleder-Armband mit Titanstahl	2026-10-08
