handle	board	title	url	bild	text
interaktives-katzenspielzeug-mit-rotierender-s-627400	Home & Geschenkideen	Interaktives Katzenspielzeug mit rotierender Scheibe	https://luxestyle.ch/products/interaktives-katzenspielzeug-mit-rotierender-s-627400	https://cdn.shopify.com/s/files/1/0943/6856/3585/files/8c3d6420-4bcc-40c5-bfe0-d2a443a12458_trans.jpg?width=1200	Dieses multifunktionale elektrische Katzenspielzeug bietet deiner Katze stundenlange Unterhaltung und hilft gleichzeitig, Stress abzubauen. Das intelligente Design mit rotierender Scheibe animiert zum Spielen und Jagen, was den natürlichen Jagdinstinkt deiner Katze fördert und für geistige sowie körperliche Auslastung sorgt. · CHF 25.90 bei LuxeStyle CH — Gratis-Versand ab CHF 50, Kauf auf Rechnung mit Klarna oder TWINT.
futterspender-fur-hunde-bc09f6	Home & Geschenkideen	Futterspender für Hunde	https://luxestyle.ch/products/futterspender-fur-hunde-bc09f6	https://cdn.shopify.com/s/files/1/0943/6856/3585/files/2279812027156.jpg?width=1200	Dieser Futterspender ist ein interaktives Spielzeug für deinen Hund, das die Futteraufnahme verlangsamt. Er besteht aus PP-Material und ist verschleiss- sowie bissfest. · CHF 19.90 bei LuxeStyle CH — Gratis-Versand ab CHF 50, Kauf auf Rechnung mit Klarna oder TWINT.
beheizbare-hausschuhe-mit-temperaturregelung-615500	Schuhe & Sandalen	Beheizbare Hausschuhe mit Temperaturregelung	https://luxestyle.ch/products/beheizbare-hausschuhe-mit-temperaturregelung-615500	https://cdn.shopify.com/s/files/1/0943/6856/3585/files/530656b9-03c3-4710-b332-d98325626f74.jpg?width=1200	Diese beheizbaren Hausschuhe halten deine Füsse im Haus warm. · CHF 34.90 bei LuxeStyle CH — Gratis-Versand ab CHF 50, Kauf auf Rechnung mit Klarna oder TWINT.
intelligenter-sensor-seifenspender-aus-edelsta-068032	Home & Geschenkideen	Intelligenter Sensor-Seifenspender aus Edelstahl	https://luxestyle.ch/products/intelligenter-sensor-seifenspender-aus-edelsta-068032	https://cdn.shopify.com/s/files/1/0943/6856/3585/files/2401080546080328100.jpg?width=1200	Der JAVA Jiahua Intelligente Sensor-Seifenspender überzeugt durch sein modernes, schlichtes Design und die berührungslose Bedienung. Dank der Induktionsfunktion wird die Seife automatisch und hygienisch abgegeben. · CHF 38.90 bei LuxeStyle CH — Gratis-Versand ab CHF 50, Kauf auf Rechnung mit Klarna oder TWINT.
webcam-mit-full-hd-led-ringlicht-108608	Home & Geschenkideen	Webcam mit Full HD & LED-Ringlicht	https://luxestyle.ch/products/webcam-mit-full-hd-led-ringlicht-108608	https://cdn.shopify.com/s/files/1/0943/6856/3585/files/1619575139480.jpg?width=1200	Die Full HD Webcam mit integriertem Ringlicht ist ideal für Online-Kurse, Live-Streams und Videokonferenzen. Dank des CMOS-Sensors mit 2 Megapixeln und einer Bildrate von 30 FPS liefert sie flüssige Videos in 1920x1080 oder 2560x1440 Auflösung. · CHF 23.90 bei LuxeStyle CH — Gratis-Versand ab CHF 50, Kauf auf Rechnung mit Klarna oder TWINT.
figurformendes-armelloses-kleid-600300	Sommerkleider & Damenmode 2026	Figurformendes ärmelloses Kleid	https://luxestyle.ch/products/figurformendes-armelloses-kleid-600300	https://cdn.shopify.com/s/files/1/0943/6856/3585/files/c91be9de-5f3a-43c5-8ba6-c8e4998e359a.jpg?width=1200	Dieses elegante ärmellose Kleid schmeichelt der Figur und sorgt für einen raffinierten Auftritt. Der hohe Taillenbund betont die Silhouette, während der ausgestellte Saum und der Fishtail-Schnitt für eine anmutige Bewegung sorgen. · CHF 27.90 bei LuxeStyle CH — Gratis-Versand ab CHF 50, Kauf auf Rechnung mit Klarna oder TWINT.
automatischer-futter-und-wassernapf-534976	Home & Geschenkideen	Automatischer Futter- und Wassernapf	https://luxestyle.ch/products/automatischer-futter-und-wassernapf-534976	https://cdn.shopify.com/s/files/1/0943/6856/3585/files/112e558e-08bb-494c-bbc5-625af49dc5e3.jpg?width=1200	Dieser praktische Doppel-Napf ist die ideale Lösung für Haustierbesitzer, die ihren Lieblingen stets frisches Wasser und Futter bereitstellen möchten. Das intelligente Design umfasst einen automatischen Wasserspeicher, der eine konstante Wasserversorgung gewährleistet, während der zweite Napf für Trockenfutter oder Nassfutter genutzt werden kann. · CHF 28.90 bei LuxeStyle CH — Gratis-Versand ab CHF 50, Kauf auf Rechnung mit Klarna oder TWINT.
verstellbare-teleskop-faszienrolle-aus-schaums-877824	Wellness & Beauty	Verstellbare Teleskop-Faszienrolle aus Schaumstoff	https://luxestyle.ch/products/verstellbare-teleskop-faszienrolle-aus-schaums-877824	https://cdn.shopify.com/s/files/1/0943/6856/3585/files/64daf58a-5a6a-4c96-ab92-dd77fb7d9b79.jpg?width=1200	Diese anpassbare Teleskop-Faszienrolle aus Schaumstoff ist ein vielseitiges Hilfsmittel für dein Home-Fitness-Programm. · CHF 31.90 bei LuxeStyle CH — Gratis-Versand ab CHF 50, Kauf auf Rechnung mit Klarna oder TWINT.
plusch-hundegeschirr-mit-leine-744320	Home & Geschenkideen	Plüsch-Hundegeschirr mit Leine	https://luxestyle.ch/products/plusch-hundegeschirr-mit-leine-744320	https://cdn.shopify.com/s/files/1/0943/6856/3585/files/a5a097dc-f885-4f51-b691-62aa49b35aba.jpg?width=1200	Dieses weiche Hundegeschirr mit Leine ist für tägliche Spaziergänge mit deinem Haustier gedacht. Es besteht aus Polyester und ist dehnbar. · CHF 20.90 bei LuxeStyle CH — Gratis-Versand ab CHF 50, Kauf auf Rechnung mit Klarna oder TWINT.
hundeleine-aus-rindsleder-fur-mittlere-bis-gro-634112	Home & Geschenkideen	Hundeleine aus Rindsleder für mittlere bis grosse Hunde	https://luxestyle.ch/products/hundeleine-aus-rindsleder-fur-mittlere-bis-gro-634112	https://cdn.shopify.com/s/files/1/0943/6856/3585/files/1619154981495.jpg?width=1200	Diese Hundeleine aus Rindsleder ist für das Führen von Hunden mit einem Gewicht von 30 bis 90 kg vorgesehen. · CHF 21.90 bei LuxeStyle CH — Gratis-Versand ab CHF 50, Kauf auf Rechnung mit Klarna oder TWINT.
kinder-erdbeer-halbschuhe-332480	Schuhe & Sandalen	Kinder Erdbeer-Halbschuhe	https://luxestyle.ch/products/kinder-erdbeer-halbschuhe-332480	https://cdn.shopify.com/s/files/1/0943/6856/3585/files/1616827730389.jpg?width=1200	Diese Kinder-Halbschuhe sind für Kinder im Alter von 1 bis 3 Jahren geeignet und begleiten sie bei ihren ersten Schritten. Die Schuhe sind für den Sommer konzipiert und haben ein ansprechendes Erdbeer-Muster. · CHF 22.90 bei LuxeStyle CH — Gratis-Versand ab CHF 50, Kauf auf Rechnung mit Klarna oder TWINT.
kinder-halbstiefel-aus-kunstleder-356928	Schuhe & Sandalen	Kinder-Halbstiefel aus Kunstleder	https://luxestyle.ch/products/kinder-halbstiefel-aus-kunstleder-356928	https://cdn.shopify.com/s/files/1/0943/6856/3585/files/1617242920880.jpg?width=1200	Diese modischen Halbstiefel sind für Kinder konzipiert, die bequeme und robuste Schuhe für den Alltag benötigen. · CHF 22.90 bei LuxeStyle CH — Gratis-Versand ab CHF 50, Kauf auf Rechnung mit Klarna oder TWINT.
verstellbare-fleece-weste-mit-brustgeschirr-310543	Home & Geschenkideen	Verstellbare Fleece-Weste mit Brustgeschirr	https://luxestyle.ch/products/verstellbare-fleece-weste-mit-brustgeschirr-310543	https://cdn.shopify.com/s/files/1/0943/6856/3585/files/1111135318854.jpg?width=1200	Diese verstellbare Fleece-Weste mit Brustgeschirr hilft dir, deinen Hund einfach zu führen und sicher mit ihm spazieren zu gehen. Das Brustgeschirr ist aus Nylon gefertigt und verfügt über einen rostfreien Stahlring zur Befestigung der Leine. · CHF 20.90 bei LuxeStyle CH — Gratis-Versand ab CHF 50, Kauf auf Rechnung mit Klarna oder TWINT.
weinoffner-mit-luftdruckpumpe-198db1	Home & Geschenkideen	Weinöffner mit Luftdruckpumpe	https://luxestyle.ch/products/weinoffner-mit-luftdruckpumpe-198db1	https://cdn.shopify.com/s/files/1/0943/6856/3585/files/757115612208.jpg?width=1200	Dieser handliche Weinöffner macht das Entkorken jeder Weinflasche zum Kinderspiel. Dank der innovativen Luftdruckpumpen-Technologie gleitet der Korken mühelos aus dem Flaschenhals, ohne Kraftaufwand oder Beschädigung. · CHF 21.90 bei LuxeStyle CH — Gratis-Versand ab CHF 50, Kauf auf Rechnung mit Klarna oder TWINT.
multifunktionaler-vertikal-spiralschneider-58cc21	Home & Geschenkideen	Multifunktionaler Vertikal-Spiralschneider	https://luxestyle.ch/products/multifunktionaler-vertikal-spiralschneider-58cc21	https://cdn.shopify.com/s/files/1/0943/6856/3585/files/2585138495470.png?width=1200	Dieser vielseitige Spiralschneider ist ein unverzichtbarer Helfer in jeder Küche. Er wurde entwickelt, um eine breite Palette von zylindrischen Gemüsesorten wie Kartoffeln, Karotten und Gurken mühelos zu verarbeiten. · CHF 25.90 bei LuxeStyle CH — Gratis-Versand ab CHF 50, Kauf auf Rechnung mit Klarna oder TWINT.
rhinestone-kalenderuhr-fur-herren-980864	Schmuck & Accessoires	Rhinestone Kalenderuhr für Herren	https://luxestyle.ch/products/rhinestone-kalenderuhr-fur-herren-980864	https://cdn.shopify.com/s/files/1/0943/6856/3585/files/d98b1102-5d7f-4252-8f74-053059a65b2f.jpg?width=1200	Diese elegante Herrenarmbanduhr kombiniert Funktionalität mit luxuriösem Design. Das Zifferblatt zeigt die Zeit sowohl mit Zeigern als auch digital an, was eine schnelle und präzise Ablesung ermöglicht. · CHF 41.90 bei LuxeStyle CH — Gratis-Versand ab CHF 50, Kauf auf Rechnung mit Klarna oder TWINT.
reise-hangematte-aus-fallschirm-nylon-86eb20	Home & Geschenkideen	Reise-Hängematte aus Fallschirm-Nylon	https://luxestyle.ch/products/reise-hangematte-aus-fallschirm-nylon-86eb20	https://cdn.shopify.com/s/files/1/0943/6856/3585/files/1586294835111.jpg?width=1200	Diese leichte und robuste Hängematte ist dein idealer Begleiter für unterwegs. Gefertigt aus hochwertigem 210T Fallschirm-Nylon, bietet sie Komfort und Langlebigkeit. · CHF 34.90 bei LuxeStyle CH — Gratis-Versand ab CHF 50, Kauf auf Rechnung mit Klarna oder TWINT.
tragbares-usb-haarentfernungsgerat-630000	Wellness & Beauty	Tragbares USB-Haarentfernungsgerät	https://luxestyle.ch/products/tragbares-usb-haarentfernungsgerat-630000	https://cdn.shopify.com/s/files/1/0943/6856/3585/files/e45fd087-afbd-4225-bd2c-dfbbccad01a0_trans.jpg?width=1200	Dieses tragbare Haarentfernungsgerät entfernt unerwünschte Haare am ganzen Körper. Es wird über USB mit Strom versorgt und ist in den Farben Weiss, Pink und Hautfarben erhältlich. · CHF 20.90 bei LuxeStyle CH — Gratis-Versand ab CHF 50, Kauf auf Rechnung mit Klarna oder TWINT.
ems-ultraschall-beauty-gerat-620200	Wellness & Beauty	EMS Ultraschall Beauty-Gerät	https://luxestyle.ch/products/ems-ultraschall-beauty-gerat-620200	https://cdn.shopify.com/s/files/1/0943/6856/3585/files/aa0ae47c-3827-4d6d-9dec-bcec49f67597.jpg?width=1200	Dieses EMS Ultraschall Beauty-Gerät ist für die Anwendung zu Hause gedacht. Es unterstützt dich bei deiner täglichen Hautpflegeroutine. · CHF 33.90 bei LuxeStyle CH — Gratis-Versand ab CHF 50, Kauf auf Rechnung mit Klarna oder TWINT.
16-reihen-fake-mink-wimpernverlangerung-133cf8	Wellness & Beauty	16 Reihen Fake-Mink Wimpernverlängerung	https://luxestyle.ch/products/16-reihen-fake-mink-wimpernverlangerung-133cf8	https://cdn.shopify.com/s/files/1/0943/6856/3585/files/1592291165838.jpg?width=1200	Ein Set einzelner Wimpern, die du für ein natürliches Augenaufschlag-Design anwendest. Es enthält 16 Reihen einzelner Wimpern aus weichem Mink. · CHF 20.90 bei LuxeStyle CH — Gratis-Versand ab CHF 50, Kauf auf Rechnung mit Klarna oder TWINT.
3d-fibre-mascara-mit-kollagen-gel-2-stuck-7269a0	Wellness & Beauty	3D-Fibre Mascara mit Kollagen-Gel · 2 Stück	https://luxestyle.ch/products/3d-fibre-mascara-mit-kollagen-gel-2-stuck-7269a0	https://cdn.shopify.com/s/files/1/0943/6856/3585/files/1695575453530.jpg?width=1200	Die 3D-Fibre Mascara ist ein Zwei‑teil‑Set, das deine Wimpern mit Kollagen‑Gel vorbereitet und anschliessend mit einer Silken‑Fibre‑Maske umhüllt. Dadurch erhältst du längere, vollere Wimpern ohne Extensions. · CHF 19.90 bei LuxeStyle CH — Gratis-Versand ab CHF 50, Kauf auf Rechnung mit Klarna oder TWINT.
lip-glaze-mit-spiegel-9-farben-460672	Wellness & Beauty	Lip Glaze mit Spiegel – 9 Farben	https://luxestyle.ch/products/lip-glaze-mit-spiegel-9-farben-460672	https://cdn.shopify.com/s/files/1/0943/6856/3585/files/2fcd6f50-e514-40c6-8abe-e44411ad957d.jpg?width=1200	Der Lip Glaze mit Spiegel sorgt für ein gepflegtes Aussehen der Lippen. Er ist in neun Farben erhältlich: Phoenix Narcissus, Dahongpao, Cave Top, Oriental Beauty, Yunnan Black, White Brown, Nine Curved, Agarwood Pu'er, Tieguanyin, Jin Junmei. · CHF 21.90 bei LuxeStyle CH — Gratis-Versand ab CHF 50, Kauf auf Rechnung mit Klarna oder TWINT.
farbwechselndes-lippenlack-mit-feuchtigkeit-217152	Wellness & Beauty	Farbwechselndes Lippenlack mit Feuchtigkeit	https://luxestyle.ch/products/farbwechselndes-lippenlack-mit-feuchtigkeit-217152	https://cdn.shopify.com/s/files/1/0943/6856/3585/files/03346cb2-377d-43ce-aa29-d5e25c4856ad.jpg?width=1200	Ein Lippenlack, der bei Kontakt mit deiner Haut die Farbe ändert und gleichzeitig Feuchtigkeit spendet. Der Lack ist temperaturabhängig und ändert seine Farbe, wenn er mit Haut in Kontakt kommt. · CHF 19.90 bei LuxeStyle CH — Gratis-Versand ab CHF 50, Kauf auf Rechnung mit Klarna oder TWINT.
feuchtigkeitsspendender-lippen-gloss-699520	Wellness & Beauty	Feuchtigkeitsspendender Lippen-Gloss	https://luxestyle.ch/products/feuchtigkeitsspendender-lippen-gloss-699520	https://cdn.shopify.com/s/files/1/0943/6856/3585/files/deb5e846-07fc-43d8-8a7c-300721ef865e_trans.jpg?width=1200	Ein transparenter Lippen-Gloss, der Feuchtigkeit spendet und die Lippen geschmeidig hält. Er wird mit 6 ml White Tea Oolong Tea und 6 ml Cold Extract Sweet Cherry versorgt. · CHF 21.90 bei LuxeStyle CH — Gratis-Versand ab CHF 50, Kauf auf Rechnung mit Klarna oder TWINT.
midikleid-mit-zopfmuster-und-blumenprint-600200	Sommerkleider & Damenmode 2026	Midikleid mit Zopfmuster und Blumenprint	https://luxestyle.ch/products/midikleid-mit-zopfmuster-und-blumenprint-600200	https://cdn.shopify.com/s/files/1/0943/6856/3585/files/66ac98fc-fc2f-44e5-9adf-e70eec13291c.jpg?width=1200	Dieses ärmellose Midikleid präsentiert sich im eleganten Zopfmuster und ist mit einem charmanten blau-weissen Blumenprint verziert. Der gerade Schnitt und der Rundhalsausschnitt sorgen für eine zeitlose Silhouette, während die mittlere Taillenhöhe den Komfort unterstreicht. · CHF 39.90 bei LuxeStyle CH — Gratis-Versand ab CHF 50, Kauf auf Rechnung mit Klarna oder TWINT.
2-teiliges-leinen-set-provence-hemd-wide-leg-hose	Sommerkleider & Damenmode 2026	2-teiliges Leinen-Set «Provence» – Hemd & Wide-Leg-Hose	https://luxestyle.ch/products/2-teiliges-leinen-set-provence-hemd-wide-leg-hose	https://cdn.shopify.com/s/files/1/0943/6856/3585/files/56f75d30-c61c-4a9c-96aa-e5cc32fe1e6f.jpg?width=1200	📦 Lieferzeit (je nach Land): 🇨🇭 CH / 🇪🇺 EU: 10–18 Tage · 🇺🇸 USA: 12–22 Tage · Werktage, inkl. Produktion Mühelose französische Eleganz. · CHF 34.90 bei LuxeStyle CH — Gratis-Versand ab CHF 50, Kauf auf Rechnung mit Klarna oder TWINT.
feizhi-kinder-laufschuh-246080	Schuhe & Sandalen	Feizhi Kinder-Laufschuh	https://luxestyle.ch/products/feizhi-kinder-laufschuh-246080	https://cdn.shopify.com/s/files/1/0943/6856/3585/files/1615254950114.jpg?width=1200	Dieser leichte Kinderschuh ist für sportliche Aktivitäten und die Freizeit gedacht. Er bietet Komfort beim Laufen und Spielen. · CHF 21.90 bei LuxeStyle CH — Gratis-Versand ab CHF 50, Kauf auf Rechnung mit Klarna oder TWINT.
kinder-sportschuhe-zum-schnuren-080000	Schuhe & Sandalen	Kinder Sportschuhe zum Schnüren	https://luxestyle.ch/products/kinder-sportschuhe-zum-schnuren-080000	https://cdn.shopify.com/s/files/1/0943/6856/3585/files/1616826544606.jpg?width=1200	Dieser Kinderschuh ist für Kinder von 1 bis 6 Jahren geeignet. Er ist leicht, rutschfest und abriebfest, ideal für Frühling und Herbst. · CHF 21.90 bei LuxeStyle CH — Gratis-Versand ab CHF 50, Kauf auf Rechnung mit Klarna oder TWINT.
baby-sneaker-aus-mesh-fur-madchen-und-jungen-987904	Schuhe & Sandalen	Baby-Sneaker aus Mesh für Mädchen und Jungen	https://luxestyle.ch/products/baby-sneaker-aus-mesh-fur-madchen-und-jungen-987904	https://cdn.shopify.com/s/files/1/0943/6856/3585/files/1617783393840.jpg?width=1200	Diese Baby-Sneaker aus Mesh sind eine bequeme Wahl für den Alltag deines Kindes. · CHF 20.90 bei LuxeStyle CH — Gratis-Versand ab CHF 50, Kauf auf Rechnung mit Klarna oder TWINT.
sportschuh-mit-luftpolster-und-schnurung-349120	Schuhe & Sandalen	Sportschuh mit Luftpolster und Schnürung	https://luxestyle.ch/products/sportschuh-mit-luftpolster-und-schnurung-349120	https://cdn.shopify.com/s/files/1/0943/6856/3585/files/1618315852059.jpg?width=1200	Dieser Sportschuh ist für Erwachsene gedacht und eignet sich für den Alltag. Er hat ein Obermaterial aus recyceltem Leder und eine Sohle aus Gummischaum. · CHF 69.90 bei LuxeStyle CH — Gratis-Versand ab CHF 50, Kauf auf Rechnung mit Klarna oder TWINT.
herren-sportschuhe-mit-breiter-zehenpartie-603700	Schuhe & Sandalen	Herren-Sportschuhe mit breiter Zehenpartie	https://luxestyle.ch/products/herren-sportschuhe-mit-breiter-zehenpartie-603700	https://cdn.shopify.com/s/files/1/0943/6856/3585/files/653f9ecb-5c62-4d2c-bea7-457016a227cc.jpg?width=1200	Diese Herren-Sportschuhe eignen sich für verschiedene Sportarten und den Alltag. · CHF 26.90 bei LuxeStyle CH — Gratis-Versand ab CHF 50, Kauf auf Rechnung mit Klarna oder TWINT.
herren-golf-sneaker-mit-festen-spikes-609700	Schuhe & Sandalen	Herren Golf-Sneaker mit festen Spikes	https://luxestyle.ch/products/herren-golf-sneaker-mit-festen-spikes-609700	https://cdn.shopify.com/s/files/1/0943/6856/3585/files/bb8c81bf-4aff-4fba-87ea-a84253a2bbf0.jpg?width=1200	Dieser Golf-Sneaker ist für das Training auf Kunstrasen konzipiert und bietet dir guten Halt. Er hat ein Obermaterial aus Kunstleder und ein Futter aus Imitationsleder. · CHF 43.90 bei LuxeStyle CH — Gratis-Versand ab CHF 50, Kauf auf Rechnung mit Klarna oder TWINT.
hollow-mesh-sneaker-mit-superhigh-heel-617600	Schuhe & Sandalen	Hollow Mesh Sneaker mit Superhigh Heel	https://luxestyle.ch/products/hollow-mesh-sneaker-mit-superhigh-heel-617600	https://cdn.shopify.com/s/files/1/0943/6856/3585/files/a0fc9e3c-10ba-49d6-b980-08438132f823.jpg?width=1200	Ein Sneaker für den Alltag, der dank seines Mesh‑Einlegesohlen-Designs für gute Belüftung sorgt. Er ist in den Farben schwarz, weiss und grau erhältlich. · CHF 29.90 bei LuxeStyle CH — Gratis-Versand ab CHF 50, Kauf auf Rechnung mit Klarna oder TWINT.
herren-sneaker-mit-8-cm-plateausohle-610100	Schuhe & Sandalen	Herren Sneaker mit 8 cm Plateausohle	https://luxestyle.ch/products/herren-sneaker-mit-8-cm-plateausohle-610100	https://cdn.shopify.com/s/files/1/0943/6856/3585/files/7faecee1-6617-41a5-8b83-effdd5d6a858.jpg?width=1200	Dieser Sneaker ist ein bequemer Alltagsschuh für dich. Er hat eine 8 cm hohe Plateausohle und ist aus echtem Leder gefertigt. · CHF 42.90 bei LuxeStyle CH — Gratis-Versand ab CHF 50, Kauf auf Rechnung mit Klarna oder TWINT.
ultradunne-led-deckenleuchte-rund-404416	Home & Geschenkideen	Ultradünne LED-Deckenleuchte, rund	https://luxestyle.ch/products/ultradunne-led-deckenleuchte-rund-404416	https://cdn.shopify.com/s/files/1/0943/6856/3585/files/d6e24ca9-c2f7-4c1d-95a0-ef0283f6210c.jpg?width=1200	Diese moderne und schlichte LED-Deckenleuchte fügt sich nahtlos in jedes Interieur ein. · CHF 23.90 bei LuxeStyle CH — Gratis-Versand ab CHF 50, Kauf auf Rechnung mit Klarna oder TWINT.
usb-led-tischlampe-mit-touch-sensor-8db97e	Home & Geschenkideen	USB LED Tischlampe mit Touch Sensor	https://luxestyle.ch/products/usb-led-tischlampe-mit-touch-sensor-8db97e	https://cdn.shopify.com/s/files/1/0943/6856/3585/files/2385030951649.jpg?width=1200	Diese USB LED Tischlampe ist ein praktisches Gadget für jeden Schreibtisch. · CHF 24.90 bei LuxeStyle CH — Gratis-Versand ab CHF 50, Kauf auf Rechnung mit Klarna oder TWINT.
retro-tischlampe-bausteine-lernspielzeug-616200	Home & Geschenkideen	Retro Tischlampe Bausteine – Lernspielzeug	https://luxestyle.ch/products/retro-tischlampe-bausteine-lernspielzeug-616200	https://cdn.shopify.com/s/files/1/0943/6856/3585/files/e1be6c61-41c3-4097-9ec9-a7dd9aaba8c5.jpg?width=1200	Diese Retro-Tischlampe zum Zusammenbauen ist ein kreatives und lehrreiches Spielzeug für Kinder. Mit insgesamt 804 Teilen bietet das Set stundenlangen Spass beim Konstruieren und fördert gleichzeitig die Feinmotorik sowie das räumliche Vorstellungsvermögen. · CHF 23.90 bei LuxeStyle CH — Gratis-Versand ab CHF 50, Kauf auf Rechnung mit Klarna oder TWINT.
3d-mini-fussball-wandlampe-402240	Home & Geschenkideen	3D Mini Fussball Wandlampe	https://luxestyle.ch/products/3d-mini-fussball-wandlampe-402240	https://cdn.shopify.com/s/files/1/0943/6856/3585/files/1618554431537.jpg?width=1200	Die 3D Mini Fussball Wandlampe ist die perfekte Ergänzung für jedes Kinderzimmer oder Spielzimmer. Diese dekorative Lampe im Cartoon-Stil schafft eine gemütliche Atmosphäre und lässt kleine Fussballfans träumen. · CHF 32.90 bei LuxeStyle CH — Gratis-Versand ab CHF 50, Kauf auf Rechnung mit Klarna oder TWINT.
multifunktionaler-make-up-spiegel-mit-tischlam-309120	Wellness & Beauty	Multifunktionaler Make-up-Spiegel mit Tischlampe	https://luxestyle.ch/products/multifunktionaler-make-up-spiegel-mit-tischlam-309120	https://cdn.shopify.com/s/files/1/0943/6856/3585/files/097210fa-296d-4453-8622-b0606c61c299.jpg?width=1200	Dieser multifunktionale Make-up-Spiegel mit integrierter Tischlampe ist eine stilvolle und praktische Ergänzung für jeden Schreibtisch oder Schminktisch. Er vereint zwei wesentliche Funktionen in einem kompakten Gerät und schafft so eine aufgeräumte und effiziente Arbeitsumgebung. · CHF 86.90 bei LuxeStyle CH — Gratis-Versand ab CHF 50, Kauf auf Rechnung mit Klarna oder TWINT.
liuyi-nachttischlampe-mit-kabelloser-ladefunkt-600800	Home & Geschenkideen	Liuyi Nachttischlampe mit kabelloser Ladefunktion	https://luxestyle.ch/products/liuyi-nachttischlampe-mit-kabelloser-ladefunkt-600800	https://cdn.shopify.com/s/files/1/0943/6856/3585/files/9a1498d7-141a-402d-aea1-4fa3f0ab00de.jpg?width=1200	Die Liuyi Nachttischlampe ist eine multifunktionale Ergänzung für jedes Schlafzimmer oder Büro. · CHF 26.90 bei LuxeStyle CH — Gratis-Versand ab CHF 50, Kauf auf Rechnung mit Klarna oder TWINT.
phantom-tischlampe-mit-wireless-charger-0fa056	Home & Geschenkideen	Phantom Tischlampe mit Wireless Charger	https://luxestyle.ch/products/phantom-tischlampe-mit-wireless-charger-0fa056	https://cdn.shopify.com/s/files/1/0943/6856/3585/files/1626482068716.jpg?width=1200	Die Phantom Tischlampe vereint stilvolles Design mit modernster Technologie. · CHF 40.90 bei LuxeStyle CH — Gratis-Versand ab CHF 50, Kauf auf Rechnung mit Klarna oder TWINT.
kabellose-qi-ladestation-mit-tischlampe-302e69	Home & Geschenkideen	Kabellose Qi-Ladestation mit Tischlampe	https://luxestyle.ch/products/kabellose-qi-ladestation-mit-tischlampe-302e69	https://cdn.shopify.com/s/files/1/0943/6856/3585/files/750a7bcf-7845-439a-ab72-e6ad233eaac8.jpg?width=1200	Diese innovative Tischlampe vereint stilvolles Design mit praktischer Funktionalität. · CHF 22.90 bei LuxeStyle CH — Gratis-Versand ab CHF 50, Kauf auf Rechnung mit Klarna oder TWINT.
