handstaubsauger;74;5400;/products/handlicher-akku-staubsauger-606000
t shirt bedrucken;96;4400;/products/shirt-zum-selbstgestalten
gps tracker;61;3600;/products/mini-gps-tracker-mit-echtzeit-ortung-254336
smart ring;71;2900;/products/smart-ring-mit-gesundheits-und-fitness-trackin-606100
smart ring;59;2900;/products/smart-ring-mit-fitness-und-gesundheits-trackin-614500
trinkbrunnen;52;2900;/products/trinkbrunnen-fur-haustiere-411520
cowgirl;64;2900;/products/kostum-cowgirl-belle-fgssbo8412d
tasse bedrucken;63;1600;/products/tasse-zum-selbstgestalten
trinkbrunnen katze;47;1300;/products/trinkbrunnen-1l-fur-katze-hund-immer-frisches-wass-1002046
trinkbrunnen für katzen;46;1300;/products/trinkbrunnen-1l-fur-katze-hund-immer-frisches-wass-1002046
cerave moisturizing cream;22;1000;/products/ultra-feuchtigkeitscreme-cerave-moisturising-cre-bb354257
selfie stick;29;1000;/products/selfie-stick-mit-stativ-bluetooth-ausloser
schwimmflügel;62;880;/products/schwimmflugel-fur-kinder-sicher-schwimmen-lernen-847979
luftmatratze wasser;35;880;/products/deine-luftmatratze-relaxen-auf-dem-wasser-872633
led maske;77;720;/products/led-lichttherapie-maske-7-farben
fitness ring;42;720;/products/smart-ring-mit-gesundheits-und-fitness-trackin-606100
business reiserucksack;70;590;/products/erweiterbarer-laptop-rucksack-fur-reise-busine-605900
ballettschuhe;29;590;/products/ballettschuhe-aus-leder-622800
casio uhr herren;40;590;/products/herrenuhr-casio-collection-schwarz-silberfarben-bb494019
t shirt selbst gestalten;15;590;/products/shirt-zum-selbstgestalten
badetuch bedrucken lassen;66;590;/products/strandtuch-selbst-gestalten
trinkflasche mit strohhalm;50;480;/products/edelstahl-trinkflasche-mit-strohhalm-638900
kopfhörer noise cancelling;67;480;/products/anc-over-ear-kopfhorer-bluetooth-noise-cancelling
holzuhren;61;480;/products/holz-armbanduhr-623300
kofferraum organizer;54;480;/products/kofferraum-organizer-nie-wieder-chaos-im-auto-1236052
leinen herren hose;47;480;/products/herren-leinen-hose-lino-straight-leg
loreal men expert;36;480;/products/ultra-feuchtigkeitscreme-l-oreal-men-expert-50-m-bb274992
ohrenringe;67;390;/collections/sub-ohrringe
tageslichtwecker;67;390;/products/lichtwecker-sunrise-wake-up-light
camping sofa;51;390;/products/aufblasbares-sofa-fur-outdoor-und-camping-626700
bluetooth tastatur;28;390;/products/bluetooth-tastatur-927234
yoga bolster;47;390;/products/yoga-bolster-halbrund-baumwolle
gemüseschneider elektrisch;50;390;/products/elektrischer-gemuseschneider-multifunktional-schneiden-reiben-hobeln
armani code parfum herren;34;320;/products/herrenparfum-armani-armani-code-parfum-edp-125-m-bb964862
casio illuminator;21;320;/products/herrenuhr-casio-world-time-illuminator-rot-43-mm-bb702629
akku astschere;64;320;/products/akku-astschere-burstenlos-632400
outdoor kamera;53;320;/products/solar-outdoor-uberwachungskamera-mit-wlan-634300
katzenklo möbel;26;320;/products/katzenklo-mobel-aus-holzwerkstoff-42x-030657
schwingerhosen;57;320;/products/schwingerhose-fgahb2887ml
beamer zuhause;64;320;/collections/beamer-heimkino
hallux valgus schiene;74;320;/products/hallux-valgus-korrektor-schiene-7238f6
hundenapf erhöht;41;260;/products/erhohte-futternapfe-fur-hunde-008962
velo rücklicht;48;260;/products/usb-rucklicht-fur-velos-a18d73
knickerbocker hosen;49;260;/products/knickerbockerhose-fgssor7024
trinkrucksack;26;260;/products/trinkrucksack-hydration-2l-trinkblase
mini fotodrucker;38;260;/products/mini-fotodrucker-c75644
camping liegestuhl;50;260;/collections/camping-outdoor
mini gps tracker;56;260;/products/mini-gps-tracker-mit-echtzeit-ortung-254336
blumenkleid;29;260;/products/elegantes-blumenkleid-639000
kleiner luftbefeuchter;48;260;/products/kleiner-tragbarer-luftbefeuchter-007872
kleiner luftbefeuchter;23;260;/products/kleiner-luftbefeuchter-fur-zuhause-und-buro-726592
fotokissen;74;260;/products/kissen-zum-selbstgestalten
katzentrinkbrunnen;53;210;/products/trinkbrunnen-fur-haustiere-411520
handyhülle mit kartenfach;40;210;/products/handy-schutzhulle-mit-kartenfach-506097
baseball jacke;41;210;/products/legere-baseballjacke-im-flight-stil-606900
schmuck set;59;210;/collections/schmuck-sets
kleiner wanderrucksack;44;210;/products/leichter-wanderrucksack-unter-20l-614400
schrittzähler armband;42;210;/products/fitness-smart-armband-mit-schrittzahler-und-le-623600
polka dots kleid;37;210;/products/elegantes-polka-dot-a-linien-kleid-633900
selbsttönende sonnenbrille;58;210;/products/sonnenbrille-photo-selbsttonend-polarisiert
gesichtsmassagegerät;26;210;/products/gesichtsmassagegerat-060097
camping wasserkanister;34;210;/products/faltbarer-wasserkanister-camping-mit-hahn
la dodgers cap;42;210;/products/cap-new-era-9forty-la-dodgers-s2039916
paul hewitt uhr;42;210;/products/paul-hewitt-damenuhr-s0352150
ritter kostüm;46;210;/products/kostum-ritter-fgsseu720901
atmungsaktive schuhe;42;210;/products/atmungsaktive-sneaker-mit-erhohter-passform-609900
leichte arbeitsschuhe;38;210;/products/leichte-arbeitsschuhe-mit-schutz-091200
slim wallet;49;210;/products/premium-leder-geldborse-slim
gaming tastatur und maus;41;210;/products/gaming-set-uk-943617
bluetooth mikrofon;36;170;/products/kabelloses-bluetooth-all-in-one-mikrofon-603300
hoodie bedrucken schweiz;62;170;/products/recycelter-unisex-allover-hoodie-selbst-gestalten
drohne kinder;35;170;/products/kamera-drohne-fur-kinder-641088
jutebeutel bedrucken;80;170;/products/bio-jutebeutel-selbst-gestalten
kabelschellen;35;170;/products/nagel-kabelschellen-obo-bettermann-set
sonnenbrille retro;32;170;/products/sonnenbrillen-set-retro-polarized
fledermaus kostüm;43;170;/products/kostum-fledermaus-fgsspc2309
wrist wraps;47;170;/products/power-wrist-wraps-handgelenkstutze-cadd52
dogger jacke damen;52;170;/collections/damen-jacken-maentel
chance chanel eau tendre;29;170;/products/damenparfum-chanel-edp-chance-eau-tendre-50-ml-bb504887
rucksäcke für studenten;44;170;/products/studenten-rucksack-fur-herren-732288
kinder badetuch;51;170;/products/kinder-badetuch-aus-baumwolle-632100
futterautomat für hühner;43;170;/products/automatik-huhnerfutterer-rattenfest-4-port-gro-531522
r36;73;170;/products/r36s-retro-handheld-konsole-20-000-spiele-051265
zwilchhosen;67;170;/products/schwingerhose-fgahb2887ml
luftbefeuchter große räume;20;170;/products/4l-luftbefeuchter-cool-mist-fur-grosse-raume-leise-lang-anhaltend
schmuckset;47;170;/collections/schmuck-sets
holzspiegel;17;140;/products/holzspiegel-im-europaischen-stil-621200
grillpfanne gusseisen;47;140;/products/gusseiserne-grillpfanne-637400
holz kleiderständer;53;140;/products/holz-kleiderstander-617200
rucksack leder;46;140;/products/leder-rucksack-fur-business-alltag-623000
trinkbrunnen für hunde;23;140;/products/trinkbrunnen-1l-fur-katze-hund-immer-frisches-wass-1002046
uhr mit blutdruckmessung;54;140;/products/smart-sportuhr-mit-herzfrequenz-blutdruckmessu-600600
rucksack 50l;38;140;/products/outdoor-rucksack-50l-wandern-camping-reisen-375552
schwimmring kinder;52;140;/products/schwimmring-fur-kleinkinder-fga25748
damen mantel camel;41;140;/products/eleganter-wollmantel-fur-damen-601200
deko lampe;67;140;/collections/sub-beleuchtung
controller halterung;37;140;/products/gamepad-halter-617700
mini drohne mit kamera;50;140;/products/mini-drohne-mit-dual-kamera-und-fernsteuerung-649344
ingwerreibe;63;140;/products/keramik-reibe-fur-ingwer-knoblauch-mini-morser-schalchen
anti bell halsband;75;140;/products/automatisches-anti-bell-halsband-544512
hosen mit gummizug;37;140;/products/bequeme-stretch-hosen-mit-gummizug-602200
jumpsuit leinen;41;140;/products/armelloser-leinen-mix-jumpsuit-fur-damen-616900
valentino born in roma donna;34;140;/products/damenparfum-valentino-born-in-roma-donna-edp-30-bb1000731
cup holder;43;140;/products/cup-holder-halter-mit-phone-mount
asymmetrisches kleid;35;140;/products/asymmetrisches-kleid-611500
schwere decken;68;140;/products/gewichtete-decke-fur-besseren-schlaf-096066
rucksack 20 liter;47;140;/products/leichter-wasserdichter-20l-sportrucksack-627400
