runde-silikon-backform-fur-kuchen-714880	Werkzeug & Heimwerken	ha-15	Küche & Bar	hg-11-2-1
elektrischer-haarschneider-mit-saugfunktion-663680	Werkzeug & Heimwerken	ha-15	Beauty & Pflege	hb-3-14-6
silikonform-fur-mousse-und-kuchen-kreationen-083072	Werkzeug & Heimwerken	ha-15	Küche & Bar	hg-11-2-1
silikonform-douyin-eisbar-teddy-hund-220992	Werkzeug & Heimwerken	ha-15	Küche & Bar	hg-11-2-1
3d-silikonform-mini-goldfische-837056	Werkzeug & Heimwerken	ha-15	Küche & Bar	hg-11-2-1
grosse-toast-silikonform-rechteckig-124288	Werkzeug & Heimwerken	ha-15	Küche & Bar	hg-11-2-1
silicone-roschen-form-fur-fondant-und-kuchen-cd170f	Werkzeug & Heimwerken	ha-15	Küche & Bar	hg-11-2-1
silikonschablone-fur-kuchen-und-sussigkeiten-73869d	Werkzeug & Heimwerken	ha-15	Küche & Bar	hg-11-2-1
silicone-schneckenform-fur-kuchenrosen-b79274	Werkzeug & Heimwerken	ha-15	Küche & Bar	hg-11-2-1
nagelknipser-set-c6eaf4	Werkzeug & Heimwerken	ha-15	Beauty & Pflege	hb-3-2-5-2
kuchenreinigungstuch-mit-schwammblock-c7c925	Werkzeug & Heimwerken	ha-15	Haushalt & Wohnen	hg-10-6
runde-silikonform-fur-kuchen-und-mousse-153b3e	Werkzeug & Heimwerken	ha-15	Küche & Bar	hg-11-2-1
elektrischer-haarschneider-mit-akku-7d2ddd	Werkzeug & Heimwerken	ha-15	Beauty & Pflege	hb-3-14-6
silikon-backform-fur-fruchte-306cca	Werkzeug & Heimwerken	ha-15	Küche & Bar	hg-11-2-1
haus-silikon-backform-26-5-26-5-6-cm-2f036f	Werkzeug & Heimwerken	ha-15	Küche & Bar	hg-11-2-1
silikon-kuchenform-unregelmassige-form-66d104	Werkzeug & Heimwerken	ha-15	Küche & Bar	hg-11-2-1
silikon-backform-8-teilige-weihnachtsbaum-form-98b4c1	Werkzeug & Heimwerken	ha-15	Küche & Bar	hg-11-2-1
tragbares-golfball-reinigungsgerat-748352	Werkzeug & Heimwerken	ha-15	Sport & Outdoor	sg-4-7
silikonform-tulpenbluten-kerze-376000	Werkzeug & Heimwerken	ha-15	Basteln & DIY	ae-2-1-6-2
silikonform-fur-diy-skelettkerzen-124288	Werkzeug & Heimwerken	ha-15	Basteln & DIY	ae-2-1-6-2
aromatherapie-kerzenform-herz-saule-017472	Werkzeug & Heimwerken	ha-15	Basteln & DIY	ae-2-1-6-2
diy-kerzenform-astronaut-meerjungfrau-063552	Werkzeug & Heimwerken	ha-15	Basteln & DIY	ae-2-1-6-2
silikonform-muschel-kerzen-997184	Werkzeug & Heimwerken	ha-15	Basteln & DIY	ae-2-1-6-2
aromatherapie-gips-seifenform-fur-wachstafeln-217024	Werkzeug & Heimwerken	ha-15	Basteln & DIY	ae-2-1-6-2
diy-silikonform-meeresmotive-fur-epoxidharz-119616	Werkzeug & Heimwerken	ha-15	Basteln & DIY	ae-2-1-6-2
knoblauchpresse-aus-edelstahl-303552	Werkzeug & Heimwerken	ha-15	Küche & Bar	hg-11-8
reifenschwammburste-fur-fahrzeuge-733248	Werkzeug & Heimwerken	ha-15	Auto-Zubehör	vp-1-5-2
ethereal-drum-8-ton-12-zoll-zungentrommel-231424	Werkzeug & Heimwerken	ha-15	Musikinstrumente	ae-2-8
zylindrische-kerzenform-fur-kirchen-dach-548096	Werkzeug & Heimwerken	ha-15	Basteln & DIY	ae-2-1-6-2
gitarren-schlagbrett-diverse-modelle-155584	Werkzeug & Heimwerken	ha-15	Musikinstrumente	ae-2-7-13
spatz-silikonform-fur-kerzen-und-gips-f090eb	Werkzeug & Heimwerken	ha-15	Basteln & DIY	ae-2-1-6-2
madchen-kerzenhalter-mit-blumen-design-a86aed	Werkzeug & Heimwerken	ha-15	Wohnen & Deko	hg-3-39-2
mika-daumenklavier-17-tone-04ce3f	Werkzeug & Heimwerken	ha-15	Musikinstrumente	ae-2-8
kerzenform-lowenkopf-retro-diy-282972	Werkzeug & Heimwerken	ha-15	Basteln & DIY	ae-2-1-6-2
kapodaster-fur-folk-und-e-gitarren-fed160	Werkzeug & Heimwerken	ha-15	Musikinstrumente	ae-2-7-13
eiserner-kerzenhalter-1c148-schwarz-958144	Werkzeug & Heimwerken	ha-15	Wohnen & Deko	hg-3-39-2
faltbarer-uv-schutz-regenschirm-261312	Werkzeug & Heimwerken	ha-15	Accessoires	hg-16
acryl-kalimba-17-tone-transparent-0c3b22	Werkzeug & Heimwerken	ha-15	Musikinstrumente	ae-2-8
holzkerzenhalter-in-verschiedenen-grossen-1fe8ae	Werkzeug & Heimwerken	ha-15	Wohnen & Deko	hg-3-39-2
van-gogh-olgemalde-regenschirm-1d3469	Werkzeug & Heimwerken	ha-15	Accessoires	hg-16
stahlgabel-fur-golfplatzreparatur-31fa42	Werkzeug & Heimwerken	ha-15	Sport & Outdoor	sg-4-7
kalimba-daumenklavier-17-tone-d91282	Werkzeug & Heimwerken	ha-15	Musikinstrumente	ae-2-8
uhrenbeweger-mit-piano-lack-03c222	Werkzeug & Heimwerken	ha-15	Uhren	aa-6-10-3
gitarrensaiten-fur-folk-gitarre-dbb391	Werkzeug & Heimwerken	ha-15	Musikinstrumente	ae-2-7-13
kerzenhalter-aus-schmiedeeisen-mit-glas-230723	Werkzeug & Heimwerken	ha-15	Wohnen & Deko	hg-3-39-2
weihnachtsdeer-kerzenhalter-aus-eisen-1b5d86	Werkzeug & Heimwerken	ha-15	Wohnen & Deko	hg-3-39-2
eierkurzer-aus-edelstahl-0eee44	Werkzeug & Heimwerken	ha-15	Küche & Bar	hg-11-8
100-stuck-wattestabchen-im-karton-fc57c0	Werkzeug & Heimwerken	ha-15	Beauty & Pflege	hb-3-4
gitarren-stompbox-fur-solo-effekte-a29afd	Werkzeug & Heimwerken	ha-15	Musikinstrumente	ae-2-7-13
mikrofaser-feather-duster-mit-rundem-kopf-14693b	Werkzeug & Heimwerken	ha-15	Haushalt & Wohnen	hg-10-6
e-gitarren-pickup-in-chrom-schwarz-e7ce34	Werkzeug & Heimwerken	ha-15	Musikinstrumente	ae-2-7-13
multifunktionaler-staubsauger-aufsatz-8-teilig-612100	Werkzeug & Heimwerken	ha-15	Haushalt & Wohnen	hg-8-11
faltbarer-sonnen-und-regenschirm-603700	Werkzeug & Heimwerken	ha-15	Accessoires	hg-16
anti-beschlag-hydrophobes-spray-fur-autoscheib-613600	Werkzeug & Heimwerken	ha-15	Auto-Zubehör	vp-1-5-2
reifen-glanz-und-pflegecreme-634500	Werkzeug & Heimwerken	ha-15	Auto-Zubehör	vp-1-5-2
radnaben-kratzerpflegecreme-601500	Werkzeug & Heimwerken	ha-15	Auto-Zubehör	vp-1-5-2
nano-spray-fur-autos-633700	Werkzeug & Heimwerken	ha-15	Auto-Zubehör	vp-1-5-2
reifen-und-kunststoffpflege-612600	Werkzeug & Heimwerken	ha-15	Auto-Zubehör	vp-1-5-2
mini-schirm-fur-sonne-und-regen-626700	Werkzeug & Heimwerken	ha-15	Accessoires	hg-16
elm327-hsms-can-obd2-diagnosegerat-fur-ford-ma-635400	Werkzeug & Heimwerken	ha-15	Auto-Zubehör	vp-1-5-7-6
t200-diagnosegerat-fur-fahrzeugfehler-603800	Werkzeug & Heimwerken	ha-15	Auto-Zubehör	vp-1-5-7-6
auto-diagnosegerat-elm327-modified-line-plus-609100	Werkzeug & Heimwerken	ha-15	Auto-Zubehör	vp-1-5-7-6
ersatzschlauch-set-fur-staubsauger-627200	Werkzeug & Heimwerken	ha-15	Haushalt & Wohnen	hg-8-11
kabelloser-handstaubsauger-mit-lithium-akku-601700	Werkzeug & Heimwerken	ha-15	Haushalt & Wohnen	hg-9-10
elektrische-poliermaschine-fur-haushalt-auto-606200	Werkzeug & Heimwerken	ha-15	Auto-Zubehör	vp-1-5-2
faltbarer-spinnenfanger-mit-langem-stiel-618300	Werkzeug & Heimwerken	ha-15	Haushalt & Wohnen	hg-10-6
manueller-brotschneider-im-retro-stil-613600	Werkzeug & Heimwerken	ha-15	Küche & Bar	hg-11-8
automatischer-uv-schutz-schirm-mit-totenkopf-636100	Werkzeug & Heimwerken	ha-15	Accessoires	hg-16
princess-sonnenschirm-mit-spitze-617300	Werkzeug & Heimwerken	ha-15	Accessoires	hg-16
wischmopp-mit-rotierbarem-kopf-629300	Werkzeug & Heimwerken	ha-15	Haushalt & Wohnen	hg-10-6
reifen-glanz-fluid-614300	Werkzeug & Heimwerken	ha-15	Auto-Zubehör	vp-1-5-2
mobiles-starthilfegerat-mit-8-in-1-beleuchtung-612800	Werkzeug & Heimwerken	ha-15	Auto-Zubehör	vp-1-5-7-7
reinigungs-paste-fur-windschutzscheiben-620900	Werkzeug & Heimwerken	ha-15	Auto-Zubehör	vp-1-5-2
staubsauger-adapter-fur-v7-v8-v10-v11-618900	Werkzeug & Heimwerken	ha-15	Haushalt & Wohnen	hg-8-11
ausziehbarer-staubwedel-fur-die-deckenreinigun-627400	Werkzeug & Heimwerken	ha-15	Haushalt & Wohnen	hg-10-6
auto-schiebedach-ablaufreiniger-614500	Werkzeug & Heimwerken	ha-15	Auto-Zubehör	vp-1-5-2
aromatherapie-kerzen-seifenform-615900	Werkzeug & Heimwerken	ha-15	Basteln & DIY	ae-2-1-6-2
kabelloser-handstaubsauger-mit-blasfunktion-626500	Werkzeug & Heimwerken	ha-15	Haushalt & Wohnen	hg-9-10
fassoffner-aus-gehartetem-karbonstahl-619700	Werkzeug & Heimwerken	ha-15	Küche & Bar	hg-11-8
silikonform-fur-unregelmassige-kerzenschale-628200	Werkzeug & Heimwerken	ha-15	Basteln & DIY	ae-2-1-6-2
