"Title","Media URL","Pinterest board","Thumbnail","Description","Link","Publish date","Keywords"
"Herren-Slides «Porto» · Cross-Strap, Wildleder-Optik | LuxeStyle CH","https://raw.githubusercontent.com/allengchour-glitch/aban-news-landing/main/dropship/pins/px-001-herren-slides-porto-cross-strap-wildleder-optik.jpg","Herrenmode Schweiz","","Herren-Slides «Porto» · Cross-Strap, Wildleder-Optik 👔 Schweizer Online-Shop, Lieferung in die ganze Schweiz. CHF 39.90 — −10% mit Code WELCOME10. #herrenmode #menstyle #schweiz #menswear","https://luxestyle.ch/products/herren-slides-porto-cross-strap-wildleder-optik","","herrenmode, menstyle, herren"
"Herren-Slip-on «Sail» · Canvas, leichte Sohle | LuxeStyle CH","https://raw.githubusercontent.com/allengchour-glitch/aban-news-landing/main/dropship/pins/px-002-herren-slip-on-sail-canvas-leichte-sohle.jpg","Herrenmode Schweiz","","Herren-Slip-on «Sail» · Canvas, leichte Sohle 👔 Schweizer Online-Shop, Lieferung in die ganze Schweiz. CHF 49.90 — −10% mit Code WELCOME10. #herrenmode #menstyle #schweiz #menswear","https://luxestyle.ch/products/herren-slip-on-sail-canvas-leichte-sohle","","herrenmode, menstyle, herren"
"Herren-Strickhemd «Amalfi» · Ajour-Knit, Camp-Kragen | LuxeStyle CH","https://raw.githubusercontent.com/allengchour-glitch/aban-news-landing/main/dropship/pins/px-003-herren-strickhemd-amalfi-ajour-knit-camp-kragen.jpg","Herrenmode Schweiz","","Herren-Strickhemd «Amalfi» · Ajour-Knit, Camp-Kragen 👔 Schweizer Online-Shop, Lieferung in die ganze Schweiz. CHF 44.90 — −10% mit Code WELCOME10. #herrenmode #menstyle #schweiz #menswear","https://luxestyle.ch/products/herren-strickhemd-amalfi-ajour-knit-camp-kragen","","herrenmode, menstyle, herren"
"Herren-Henley «Waffle» · Waffelstrick, Langarm | LuxeStyle CH","https://raw.githubusercontent.com/allengchour-glitch/aban-news-landing/main/dropship/pins/px-004-herren-henley-waffle-waffelstrick-langarm.jpg","Herrenmode Schweiz","","Herren-Henley «Waffle» · Waffelstrick, Langarm 👔 Schweizer Online-Shop, Lieferung in die ganze Schweiz. CHF 34.90 — −10% mit Code WELCOME10. #herrenmode #menstyle #schweiz #menswear","https://luxestyle.ch/products/herren-henley-waffle-waffelstrick-langarm","","herrenmode, menstyle, herren"
"Herren-Leinenhose «Lino» · locker & atmungsaktiv | LuxeStyle CH","https://raw.githubusercontent.com/allengchour-glitch/aban-news-landing/main/dropship/pins/px-005-herren-leinenhose-lino-locker-atmungsaktiv.jpg","Herrenmode Schweiz","","Herren-Leinenhose «Lino» · locker & atmungsaktiv 👔 Schweizer Online-Shop, Lieferung in die ganze Schweiz. CHF 29.90 — −10% mit Code WELCOME10. #herrenmode #menstyle #schweiz #menswear","https://luxestyle.ch/products/herren-leinenhose-lino-locker-atmungsaktiv","","herrenmode, menstyle, herren"
"Herren-Sommershirt «Breeze» · leicht & atmungsaktiv | LuxeStyle CH","https://raw.githubusercontent.com/allengchour-glitch/aban-news-landing/main/dropship/pins/px-006-herren-sommershirt-breeze-leicht-atmungsaktiv.jpg","Herrenmode Schweiz","","Herren-Sommershirt «Breeze» · leicht & atmungsaktiv 👔 Schweizer Online-Shop, Lieferung in die ganze Schweiz. CHF 24.90 — −10% mit Code WELCOME10. #herrenmode #menstyle #schweiz #menswear","https://luxestyle.ch/products/herren-sommershirt-breeze-leicht-atmungsaktiv","","herrenmode, menstyle, herren"
"Herren-Strickshirt «Riviera» · Cord-Kurzarm | LuxeStyle CH","https://raw.githubusercontent.com/allengchour-glitch/aban-news-landing/main/dropship/pins/px-007-herren-strickshirt-riviera-cord-kurzarm.jpg","Herrenmode Schweiz","","Herren-Strickshirt «Riviera» · Cord-Kurzarm 👔 Schweizer Online-Shop, Lieferung in die ganze Schweiz. CHF 24.90 — −10% mit Code WELCOME10. #herrenmode #menstyle #schweiz #menswear","https://luxestyle.ch/products/herren-strickshirt-riviera-cord-kurzarm","","herrenmode, menstyle, herren"
"Herren-Sommerhemd «Monsieur» · French-Court, Kurzarm | LuxeStyle CH","https://raw.githubusercontent.com/allengchour-glitch/aban-news-landing/main/dropship/pins/px-008-herren-sommerhemd-monsieur-french-court-kurzarm.jpg","Herrenmode Schweiz","","Herren-Sommerhemd «Monsieur» · French-Court, Kurzarm 👔 Schweizer Online-Shop, Lieferung in die ganze Schweiz. CHF 44.90 — −10% mit Code WELCOME10. #herrenmode #menstyle #schweiz #menswear","https://luxestyle.ch/products/herren-sommerhemd-monsieur-french-court-style-kurzarm","","herrenmode, menstyle, herren"
"Moissanite-Herzkette «Coeur» · S925 Silber, Infinity | LuxeStyle CH","https://raw.githubusercontent.com/allengchour-glitch/aban-news-landing/main/dropship/pins/px-015-moissanite-herzkette-coeur-s925-silber-infinity.jpg","Schmuck & Accessoires","","Moissanite-Herzkette «Coeur» · S925 Silber, Infinity 💎 Schweizer Online-Shop, Lieferung in die ganze Schweiz. CHF 119.90 — −10% mit Code WELCOME10. #schmuck #jewelry #schweiz #accessoires","https://luxestyle.ch/products/moissanite-herzkette-coeur-s925-silber-infinity","","schmuck, damenschmuck, accessoires"
"Glücks-Halskette «Fortune» · Hufeisen & Kreuz, Zirkonia | LuxeStyle CH","https://raw.githubusercontent.com/allengchour-glitch/aban-news-landing/main/dropship/pins/px-016-gl-cks-halskette-fortune-hufeisen-kreuz-zirkonia.jpg","Schmuck & Accessoires","","Glücks-Halskette «Fortune» · Hufeisen & Kreuz, Zirkonia 💎 Schweizer Online-Shop, Lieferung in die ganze Schweiz. CHF 16.90 — −10% mit Code WELCOME10. #schmuck #jewelry #schweiz #accessoires","https://luxestyle.ch/products/glucks-halskette-fortune-hufeisen-kreuz-mit-zirkonia","","schmuck, damenschmuck, accessoires"
"Doppel-Ring «Duo» · S925 Silber, Zirkonia & Topas-Blau | LuxeStyle CH","https://raw.githubusercontent.com/allengchour-glitch/aban-news-landing/main/dropship/pins/px-017-doppel-ring-duo-s925-silber-zirkonia-topas-blau.jpg","Schmuck & Accessoires","","Doppel-Ring «Duo» · S925 Silber, Zirkonia & Topas-Blau 💎 Schweizer Online-Shop, Lieferung in die ganze Schweiz. CHF 49.90 — −10% mit Code WELCOME10. #schmuck #jewelry #schweiz #accessoires","https://luxestyle.ch/products/doppel-ring-duo-s925-silber-mit-zirkonia-topas-blau","","schmuck, damenschmuck, accessoires"
"Sommer-Armband «Évil» · Schmetterling & Nazar, vergoldet | LuxeStyle CH","https://raw.githubusercontent.com/allengchour-glitch/aban-news-landing/main/dropship/pins/px-018-sommer-armband-vil-schmetterling-nazar-vergoldet.jpg","Schmuck & Accessoires","","Sommer-Armband «Évil» · Schmetterling & Nazar, vergoldet 💎 Schweizer Online-Shop, Lieferung in die ganze Schweiz. CHF 19.90 — −10% mit Code WELCOME10. #schmuck #jewelry #schweiz #accessoires","https://luxestyle.ch/products/sommer-armband-evil-schmetterling-nazar-auge-vergoldet","","schmuck, damenschmuck, accessoires"
"Statement-Ohrringe «Doré» · gebürstetes Gold | LuxeStyle CH","https://raw.githubusercontent.com/allengchour-glitch/aban-news-landing/main/dropship/pins/px-019-statement-ohrringe-dor-geb-rstetes-gold.jpg","Schmuck & Accessoires","","Statement-Ohrringe «Doré» · gebürstetes Gold 💎 Schweizer Online-Shop, Lieferung in die ganze Schweiz. CHF 29.90 — −10% mit Code WELCOME10. #schmuck #jewelry #schweiz #accessoires","https://luxestyle.ch/products/statement-ohrringe-dore-geburstetes-gold-quadratisch","","schmuck, damenschmuck, accessoires"
"Perlen-Anhänger «Coquille» · Muschel-Form, vergoldet | LuxeStyle CH","https://raw.githubusercontent.com/allengchour-glitch/aban-news-landing/main/dropship/pins/px-020-perlen-anh-nger-coquille-muschel-form-vergoldet.jpg","Schmuck & Accessoires","","Perlen-Anhänger «Coquille» · Muschel-Form, vergoldet 💎 Schweizer Online-Shop, Lieferung in die ganze Schweiz. CHF 24.90 — −10% mit Code WELCOME10. #schmuck #jewelry #schweiz #accessoires","https://luxestyle.ch/products/perlen-anhanger-coquille-muschel-form-vergoldet","","schmuck, damenschmuck, accessoires"
"Oversized-Sonnenbrille «Street» · getönt, Square-Style | LuxeStyle CH","https://raw.githubusercontent.com/allengchour-glitch/aban-news-landing/main/dropship/pins/px-021-oversized-sonnenbrille-street-get-nt-square-style.jpg","Schmuck & Accessoires","","Oversized-Sonnenbrille «Street» · getönt, Square-Style 💎 Schweizer Online-Shop, Lieferung in die ganze Schweiz. CHF 19.90 — −10% mit Code WELCOME10. #schmuck #jewelry #schweiz #accessoires","https://luxestyle.ch/products/oversized-sonnenbrille-street-getont-square-style-3-farben","","schmuck, damenschmuck, accessoires"
"Boston-Henkeltasche «Lussa» · Echtleder, Bowling-Stil | LuxeStyle CH","https://raw.githubusercontent.com/allengchour-glitch/aban-news-landing/main/dropship/pins/px-023-boston-henkeltasche-lussa-echtleder-bowling-stil.jpg","Schmuck & Accessoires","","Boston-Henkeltasche «Lussa» · Echtleder, Bowling-Stil 💎 Schweizer Online-Shop, Lieferung in die ganze Schweiz. CHF 99.90 — −10% mit Code WELCOME10. #schmuck #jewelry #schweiz #accessoires","https://luxestyle.ch/products/boston-henkeltasche-lussa-echtleder-im-bowling-stil-damen-9-farben","","schmuck, damenschmuck, accessoires"
"Make-up-Tasche «Mirror» · mit integriertem Spiegel | LuxeStyle CH","https://raw.githubusercontent.com/allengchour-glitch/aban-news-landing/main/dropship/pins/px-024-make-up-tasche-mirror-mit-integriertem-spiegel.jpg","Schmuck & Accessoires","","Make-up-Tasche «Mirror» · mit integriertem Spiegel 💎 Schweizer Online-Shop, Lieferung in die ganze Schweiz. CHF 19.90 — −10% mit Code WELCOME10. #schmuck #jewelry #schweiz #accessoires","https://luxestyle.ch/products/make-up-tasche-mirror-kosmetiketui-mit-integriertem-spiegel","","schmuck, damenschmuck, accessoires"
"Herz-Mond-Halskette · zarte Schlüsselbein-Kette | LuxeStyle CH","https://raw.githubusercontent.com/allengchour-glitch/aban-news-landing/main/dropship/pins/px-025-herz-mond-halskette-zarte-schl-sselbein-kette.jpg","Schmuck & Accessoires","","Herz-Mond-Halskette · zarte Schlüsselbein-Kette 💎 Schweizer Online-Shop, Lieferung in die ganze Schweiz. CHF 16.90 — −10% mit Code WELCOME10. #schmuck #jewelry #schweiz #accessoires","https://luxestyle.ch/products/herz-mond-halskette-zarte-schlusselbein-kette-silber-optik","","schmuck, damenschmuck, accessoires"
"Sommerkleid «Sole» · Casual Midi, Raglan-Ärmel | LuxeStyle CH","https://raw.githubusercontent.com/allengchour-glitch/aban-news-landing/main/dropship/pins/px-026-sommerkleid-sole-casual-midi-raglan-rmel.jpg","Sommerkleider & Damenmode 2026","","Sommerkleid «Sole» · Casual Midi, Raglan-Ärmel ☀️ Schweizer Online-Shop, Lieferung in die ganze Schweiz. CHF 34.90 — −10% mit Code WELCOME10. #sommerkleid #ootd #schweiz #damenmode #fashion","https://luxestyle.ch/products/sommerkleid-sole-casual-midi-raglan-armel","","sommerkleid, damenmode schweiz, ootd"
"Tunika-Mini-Kleid «Riva» · V-Ausschnitt, Strand-Stil | LuxeStyle CH","https://raw.githubusercontent.com/allengchour-glitch/aban-news-landing/main/dropship/pins/px-027-tunika-mini-kleid-riva-v-ausschnitt-strand-stil.jpg","Sommerkleider & Damenmode 2026","","Tunika-Mini-Kleid «Riva» · V-Ausschnitt, Strand-Stil ☀️ Schweizer Online-Shop, Lieferung in die ganze Schweiz. CHF 34.90 — −10% mit Code WELCOME10. #sommerkleid #ootd #schweiz #damenmode #fashion","https://luxestyle.ch/products/tunika-mini-kleid-riva-v-ausschnitt-strand-stil-damen","","sommerkleid, damenmode schweiz, ootd"
"Floral-Sommerkleid «Capucine» · Puffärmel, luftig | LuxeStyle CH","https://raw.githubusercontent.com/allengchour-glitch/aban-news-landing/main/dropship/pins/px-028-floral-sommerkleid-capucine-puff-rmel-luftig.jpg","Sommerkleider & Damenmode 2026","","Floral-Sommerkleid «Capucine» · Puffärmel, luftig ☀️ Schweizer Online-Shop, Lieferung in die ganze Schweiz. CHF 34.90 — −10% mit Code WELCOME10. #sommerkleid #ootd #schweiz #damenmode #fashion","https://luxestyle.ch/products/floral-sommerkleid-capucine-puffarmel-leicht-luftig-damen","","sommerkleid, damenmode schweiz, ootd"
"Etuikleid «Bureau» · Rüschenärmel & hohe Taille | LuxeStyle CH","https://raw.githubusercontent.com/allengchour-glitch/aban-news-landing/main/dropship/pins/px-029-etuikleid-bureau-r-schen-rmel-hohe-taille.jpg","Sommerkleider & Damenmode 2026","","Etuikleid «Bureau» · Rüschenärmel & hohe Taille ☀️ Schweizer Online-Shop, Lieferung in die ganze Schweiz. CHF 39.90 — −10% mit Code WELCOME10. #sommerkleid #ootd #schweiz #damenmode #fashion","https://luxestyle.ch/products/etuikleid-bureau-ruschenarmel-hohe-taille-damen-s-3xl-6-farben","","sommerkleid, damenmode schweiz, ootd"
"Off-Shoulder-Plisseekleid «Aurélie» · schulterfrei | LuxeStyle CH","https://raw.githubusercontent.com/allengchour-glitch/aban-news-landing/main/dropship/pins/px-030-off-shoulder-plisseekleid-aur-lie-schulterfrei.jpg","Sommerkleider & Damenmode 2026","","Off-Shoulder-Plisseekleid «Aurélie» · schulterfrei ☀️ Schweizer Online-Shop, Lieferung in die ganze Schweiz. CHF 39.90 — −10% mit Code WELCOME10. #sommerkleid #ootd #schweiz #damenmode #fashion","https://luxestyle.ch/products/off-shoulder-plisseekleid-aurelie-schulterfrei-fliessend-damen-4-farben","","sommerkleid, damenmode schweiz, ootd"
"Floral-Sommerkleid «Marguerite» · Rüschen-Träger | LuxeStyle CH","https://raw.githubusercontent.com/allengchour-glitch/aban-news-landing/main/dropship/pins/px-031-floral-sommerkleid-marguerite-r-schen-tr-ger.jpg","Sommerkleider & Damenmode 2026","","Floral-Sommerkleid «Marguerite» · Rüschen-Träger ☀️ Schweizer Online-Shop, Lieferung in die ganze Schweiz. CHF 34.90 — −10% mit Code WELCOME10. #sommerkleid #ootd #schweiz #damenmode #fashion","https://luxestyle.ch/products/floral-sommerkleid-marguerite-ruschen-trager-figurbetont","","sommerkleid, damenmode schweiz, ootd"
"Mini-Kleid «Ruffle» · Spaghetti-Träger, elastisch | LuxeStyle CH","https://raw.githubusercontent.com/allengchour-glitch/aban-news-landing/main/dropship/pins/px-032-mini-kleid-ruffle-spaghetti-tr-ger-elastisch.jpg","Sommerkleider & Damenmode 2026","","Mini-Kleid «Ruffle» · Spaghetti-Träger, elastisch ☀️ Schweizer Online-Shop, Lieferung in die ganze Schweiz. CHF 29.90 — −10% mit Code WELCOME10. #sommerkleid #ootd #schweiz #damenmode #fashion","https://luxestyle.ch/products/mini-kleid-mit-ruschen-spaghetti-trager-elastisch-sommer-2026","","sommerkleid, damenmode schweiz, ootd"
"Satin-Seidenkissenbezug 2er-Set · sanft zu Haut & Haar | LuxeStyle CH","https://raw.githubusercontent.com/allengchour-glitch/aban-news-landing/main/dropship/pins/px-035-satin-seidenkissenbezug-2er-set-sanft-zu-haut-haar.jpg","Wellness & Beauty","","Satin-Seidenkissenbezug 2er-Set · sanft zu Haut & Haar 🧖‍♀️ Schweizer Online-Shop, Lieferung in die ganze Schweiz. CHF 24.90 — −10% mit Code WELCOME10. #selfcare #beauty #wellness #schweiz #skincare","https://luxestyle.ch/products/satin-seidenkissenbezug-2er-set-sanft-zu-haut-haar","","selfcare, beauty, wellness"
"Augenmassagegerät · Wärme & Musik, Bluetooth | LuxeStyle CH","https://raw.githubusercontent.com/allengchour-glitch/aban-news-landing/main/dropship/pins/px-036-augenmassageger-t-w-rme-musik-bluetooth.jpg","Wellness & Beauty","","Augenmassagegerät · Wärme & Musik, Bluetooth 🧖‍♀️ Schweizer Online-Shop, Lieferung in die ganze Schweiz. CHF 44.90 — −10% mit Code WELCOME10. #selfcare #beauty #wellness #schweiz #skincare","https://luxestyle.ch/products/augenmassagegerat-mit-warme-musik-bluetooth-faltbar-gegen-mude-augen","","selfcare, beauty, wellness"
"Reise-Schallzahnbürste · 4 Modi, antibakterielle Box | LuxeStyle CH","https://raw.githubusercontent.com/allengchour-glitch/aban-news-landing/main/dropship/pins/px-037-reise-schallzahnb-rste-4-modi-antibakterielle-box.jpg","Wellness & Beauty","","Reise-Schallzahnbürste · 4 Modi, antibakterielle Box 🧖‍♀️ Schweizer Online-Shop, Lieferung in die ganze Schweiz. CHF 29.90 — −10% mit Code WELCOME10. #selfcare #beauty #wellness #schweiz #skincare","https://luxestyle.ch/products/reise-schallzahnburste-4-modi-magnetschwebe-motor-antibakterielle-box","","selfcare, beauty, wellness"
"Strickblumen-Strauss «Fleur» · handgestrickt, ewig | LuxeStyle CH","https://raw.githubusercontent.com/allengchour-glitch/aban-news-landing/main/dropship/pins/px-038-strickblumen-strauss-fleur-handgestrickt-ewig.jpg","Home & Geschenkideen","","Strickblumen-Strauss «Fleur» · handgestrickt, ewig 🏡 Schweizer Online-Shop, Lieferung in die ganze Schweiz. CHF 16.90 — −10% mit Code WELCOME10. #homedeko #geschenkidee #schweiz #interior #homedecor","https://luxestyle.ch/products/strickblumen-strauss-fleur-handgestrickt-ewig","","home deko, geschenkidee, interior"
"3D-Druck-Nachttischlampe · warmes Nachtlicht & Deko | LuxeStyle CH","https://raw.githubusercontent.com/allengchour-glitch/aban-news-landing/main/dropship/pins/px-042-3d-druck-nachttischlampe-warmes-nachtlicht-deko.jpg","Home & Geschenkideen","","3D-Druck-Nachttischlampe · warmes Nachtlicht & Deko 🏡 Schweizer Online-Shop, Lieferung in die ganze Schweiz. CHF 16.90 — −10% mit Code WELCOME10. #homedeko #geschenkidee #schweiz #interior #homedecor","https://luxestyle.ch/products/3d-druck-nachttischlampe-warmes-nachtlicht-deko-objekt-furs-schlafzimmer","","home deko, geschenkidee, interior"
"Titan-Schneidebrett «Chef» · Food-Grade, antibakteriell | LuxeStyle CH","https://raw.githubusercontent.com/allengchour-glitch/aban-news-landing/main/dropship/pins/px-043-titan-schneidebrett-chef-food-grade-antibakteriell.jpg","Home & Geschenkideen","","Titan-Schneidebrett «Chef» · Food-Grade, antibakteriell 🏡 Schweizer Online-Shop, Lieferung in die ganze Schweiz. CHF 54.90 — −10% mit Code WELCOME10. #homedeko #geschenkidee #schweiz #interior #homedecor","https://luxestyle.ch/products/titan-schneidebrett-chef-food-grade-antibakteriell","","home deko, geschenkidee, interior"
"Stiletto-Sandalette «Gala» · Violett, Knöchelriemen | LuxeStyle CH","https://raw.githubusercontent.com/allengchour-glitch/aban-news-landing/main/dropship/pins/px-044-stiletto-sandalette-gala-violett-kn-chelriemen.jpg","Schuhe & Sandalen","","Stiletto-Sandalette «Gala» · Violett, Knöchelriemen 👡 Schweizer Online-Shop, Lieferung in die ganze Schweiz. CHF 54.90 — −10% mit Code WELCOME10. #schuhe #sommerschuhe #shoes #schweiz","https://luxestyle.ch/products/stiletto-sandalette-gala-violett-knochelriemen","","damenschuhe, sommerschuhe, schuhe"
"Zehensteg-Sandalen «Riva» · flach, Metall-Detail | LuxeStyle CH","https://raw.githubusercontent.com/allengchour-glitch/aban-news-landing/main/dropship/pins/px-045-zehensteg-sandalen-riva-flach-metall-detail.jpg","Schuhe & Sandalen","","Zehensteg-Sandalen «Riva» · flach, Metall-Detail 👡 Schweizer Online-Shop, Lieferung in die ganze Schweiz. CHF 24.90 — −10% mit Code WELCOME10. #schuhe #sommerschuhe #shoes #schweiz","https://luxestyle.ch/products/zehensteg-sandalen-riva-flach-mit-metall-detail","","damenschuhe, sommerschuhe, schuhe"
"Loafer · Rundkappe flach, vielseitig | LuxeStyle CH","https://raw.githubusercontent.com/allengchour-glitch/aban-news-landing/main/dropship/pins/px-046-loafer-rundkappe-flach-vielseitig.jpg","Schuhe & Sandalen","","Loafer · Rundkappe flach, vielseitig 👡 Schweizer Online-Shop, Lieferung in die ganze Schweiz. CHF 27.90 — −10% mit Code WELCOME10. #schuhe #sommerschuhe #shoes #schweiz","https://luxestyle.ch/products/loafer-damen-rundkappe-flach-vielseitig-basic-2026","","damenschuhe, sommerschuhe, schuhe"
"Slingback-Pumps · mit Absatz, elegant | LuxeStyle CH","https://raw.githubusercontent.com/allengchour-glitch/aban-news-landing/main/dropship/pins/px-047-slingback-pumps-mit-absatz-elegant.jpg","Schuhe & Sandalen","","Slingback-Pumps · mit Absatz, elegant 👡 Schweizer Online-Shop, Lieferung in die ganze Schweiz. CHF 49.90 — −10% mit Code WELCOME10. #schuhe #sommerschuhe #shoes #schweiz","https://luxestyle.ch/products/slingback-pumps-damen-mit-absatz-wasserfest-beschichtet-elegant-2026","","damenschuhe, sommerschuhe, schuhe"
"Plateau-Sandalen · Retro-Style, Komfort-Sohle | LuxeStyle CH","https://raw.githubusercontent.com/allengchour-glitch/aban-news-landing/main/dropship/pins/px-048-plateau-sandalen-retro-style-komfort-sohle.jpg","Schuhe & Sandalen","","Plateau-Sandalen · Retro-Style, Komfort-Sohle 👡 Schweizer Online-Shop, Lieferung in die ganze Schweiz. CHF 29.90 — −10% mit Code WELCOME10. #schuhe #sommerschuhe #shoes #schweiz","https://luxestyle.ch/products/plateau-sandalen-damen-retro-style-mit-komfort-sohle-sommer-2026","","damenschuhe, sommerschuhe, schuhe"
"Herren-Laufschuhe · Flyknit, atmungsaktiv | LuxeStyle CH","https://raw.githubusercontent.com/allengchour-glitch/aban-news-landing/main/dropship/pins/px-049-herren-laufschuhe-flyknit-atmungsaktiv.jpg","Herrenmode Schweiz","","Herren-Laufschuhe · Flyknit, atmungsaktiv 👔 Schweizer Online-Shop, Lieferung in die ganze Schweiz. CHF 34.90 — −10% mit Code WELCOME10. #herrenmode #menstyle #schweiz #menswear","https://luxestyle.ch/products/herren-laufschuhe-flyknit-atmungsaktiv-leicht-sport-alltag","","herrenmode, menstyle, herren"
"Herren-Leder-Slipper · elegant, zum Reinschlüpfen | LuxeStyle CH","https://raw.githubusercontent.com/allengchour-glitch/aban-news-landing/main/dropship/pins/px-050-herren-leder-slipper-elegant-zum-reinschl-pfen.jpg","Herrenmode Schweiz","","Herren-Leder-Slipper · elegant, zum Reinschlüpfen 👔 Schweizer Online-Shop, Lieferung in die ganze Schweiz. CHF 54.90 — −10% mit Code WELCOME10. #herrenmode #menstyle #schweiz #menswear","https://luxestyle.ch/products/herren-leder-slipper-elegant-zum-reinschlupfen-business-freizeit","","herrenmode, menstyle, herren"
"Acryl-Ohrringe «Ambre» · Karamell-Ton, Statement | LuxeStyle CH","https://raw.githubusercontent.com/allengchour-glitch/aban-news-landing/main/dropship/pins/px-051-acryl-ohrringe-ambre-karamell-ton-statement.jpg","Schmuck & Accessoires","","Acryl-Ohrringe «Ambre» · Karamell-Ton, Statement 💎 Schweizer Online-Shop, Lieferung in die ganze Schweiz. CHF 24.90 — −10% mit Code WELCOME10. #schmuck #jewelry #schweiz #accessoires","https://luxestyle.ch/products/acryl-ohrringe-ambre-karamell-ton-statement","","schmuck, damenschmuck, accessoires"
"Geburtsstein-Armband «Pois» · zarte Kette | LuxeStyle CH","https://raw.githubusercontent.com/allengchour-glitch/aban-news-landing/main/dropship/pins/px-052-geburtsstein-armband-pois-zarte-kette.jpg","Schmuck & Accessoires","","Geburtsstein-Armband «Pois» · zarte Kette 💎 Schweizer Online-Shop, Lieferung in die ganze Schweiz. CHF 24.90 — −10% mit Code WELCOME10. #schmuck #jewelry #schweiz #accessoires","https://luxestyle.ch/products/geburtsstein-armband-pois-zarte-kette-mit-steinen","","schmuck, damenschmuck, accessoires"
"Ring-Halter-Halskette · minimalistisch | LuxeStyle CH","https://raw.githubusercontent.com/allengchour-glitch/aban-news-landing/main/dropship/pins/px-053-ring-halter-halskette-minimalistisch.jpg","Schmuck & Accessoires","","Ring-Halter-Halskette · minimalistisch 💎 Schweizer Online-Shop, Lieferung in die ganze Schweiz. CHF 18.90 — −10% mit Code WELCOME10. #schmuck #jewelry #schweiz #accessoires","https://luxestyle.ch/products/halskette-mit-ring-halter-anhanger-minimalistisch-3-farben","","schmuck, damenschmuck, accessoires"
"Statement-Ohrringe «Retro» · geometrisch, oversized | LuxeStyle CH","https://raw.githubusercontent.com/allengchour-glitch/aban-news-landing/main/dropship/pins/px-054-statement-ohrringe-retro-geometrisch-oversized.jpg","Schmuck & Accessoires","","Statement-Ohrringe «Retro» · geometrisch, oversized 💎 Schweizer Online-Shop, Lieferung in die ganze Schweiz. CHF 22.90 — −10% mit Code WELCOME10. #schmuck #jewelry #schweiz #accessoires","https://luxestyle.ch/products/statement-ohrringe-retro-geometrisch-oversized","","schmuck, damenschmuck, accessoires"
"Herz-Armband geflochten · 925-versilbert, Zirkonia | LuxeStyle CH","https://raw.githubusercontent.com/allengchour-glitch/aban-news-landing/main/dropship/pins/px-055-herz-armband-geflochten-925-versilbert-zirkonia.jpg","Schmuck & Accessoires","","Herz-Armband geflochten · 925-versilbert, Zirkonia 💎 Schweizer Online-Shop, Lieferung in die ganze Schweiz. CHF 19.90 — −10% mit Code WELCOME10. #schmuck #jewelry #schweiz #accessoires","https://luxestyle.ch/products/geflochtenes-herz-armband-925-versilbert-gruner-zirkonia","","schmuck, damenschmuck, accessoires"
"Ohrringe «Duo» · 2-fach tragbar, Zirkonia | LuxeStyle CH","https://raw.githubusercontent.com/allengchour-glitch/aban-news-landing/main/dropship/pins/px-056-ohrringe-duo-2-fach-tragbar-zirkonia.jpg","Schmuck & Accessoires","","Ohrringe «Duo» · 2-fach tragbar, Zirkonia 💎 Schweizer Online-Shop, Lieferung in die ganze Schweiz. CHF 29.90 — −10% mit Code WELCOME10. #schmuck #jewelry #schweiz #accessoires","https://luxestyle.ch/products/ohrringe-duo-2-fach-tragbar-zirkonia-in-silber-optik","","schmuck, damenschmuck, accessoires"
"Offenes Armband «Metallic» · verstellbarer Cuff | LuxeStyle CH","https://raw.githubusercontent.com/allengchour-glitch/aban-news-landing/main/dropship/pins/px-057-offenes-armband-metallic-verstellbarer-cuff.jpg","Schmuck & Accessoires","","Offenes Armband «Metallic» · verstellbarer Cuff 💎 Schweizer Online-Shop, Lieferung in die ganze Schweiz. CHF 14.90 — −10% mit Code WELCOME10. #schmuck #jewelry #schweiz #accessoires","https://luxestyle.ch/products/offenes-armband-metallic-verstellbarer-cuff-4-farben","","schmuck, damenschmuck, accessoires"
"Herz-Muschel-Anhänger · Titanstahl, wasserfest | LuxeStyle CH","https://raw.githubusercontent.com/allengchour-glitch/aban-news-landing/main/dropship/pins/px-058-herz-muschel-anh-nger-titanstahl-wasserfest.jpg","Schmuck & Accessoires","","Herz-Muschel-Anhänger · Titanstahl, wasserfest 💎 Schweizer Online-Shop, Lieferung in die ganze Schweiz. CHF 14.90 — −10% mit Code WELCOME10. #schmuck #jewelry #schweiz #accessoires","https://luxestyle.ch/products/herz-muschel-anhanger-titanstahl-wasserfest-stahl-rosegold-gold","","schmuck, damenschmuck, accessoires"
"Schmuck-Set «Vintage» · Smaragd-Zirkon, 3-tlg | LuxeStyle CH","https://raw.githubusercontent.com/allengchour-glitch/aban-news-landing/main/dropship/pins/px-059-schmuck-set-vintage-smaragd-zirkon-3-tlg.jpg","Schmuck & Accessoires","","Schmuck-Set «Vintage» · Smaragd-Zirkon, 3-tlg 💎 Schweizer Online-Shop, Lieferung in die ganze Schweiz. CHF 18.90 — −10% mit Code WELCOME10. #schmuck #jewelry #schweiz #accessoires","https://luxestyle.ch/products/smaragd-zirkon-schmuck-set-vintage-ohrringe-ring-halskette","","schmuck, damenschmuck, accessoires"
"Moissanite-Ohrstecker «Éclat» · S925 Silber | LuxeStyle CH","https://raw.githubusercontent.com/allengchour-glitch/aban-news-landing/main/dropship/pins/px-060-moissanite-ohrstecker-clat-s925-silber.jpg","Schmuck & Accessoires","","Moissanite-Ohrstecker «Éclat» · S925 Silber 💎 Schweizer Online-Shop, Lieferung in die ganze Schweiz. CHF 139.90 — −10% mit Code WELCOME10. #schmuck #jewelry #schweiz #accessoires","https://luxestyle.ch/products/moissanite-ohrstecker-eclat-s925-silber-0-5-1-karat","","schmuck, damenschmuck, accessoires"
"Massagegerät «Relax» · Vibration, mehrere Stufen | LuxeStyle CH","https://raw.githubusercontent.com/allengchour-glitch/aban-news-landing/main/dropship/pins/px-061-massageger-t-relax-vibration-mehrere-stufen.jpg","Wellness & Beauty","","Massagegerät «Relax» · Vibration, mehrere Stufen 🧖‍♀️ Schweizer Online-Shop, Lieferung in die ganze Schweiz. CHF 44.90 — −10% mit Code WELCOME10. #selfcare #beauty #wellness #schweiz #skincare","https://luxestyle.ch/products/handliches-massagegerat-vibrations-massage-mit-mehreren-stufen","","selfcare, beauty, wellness"
"3D-Wimpern selbstklebend · ohne Kleber, natürlich | LuxeStyle CH","https://raw.githubusercontent.com/allengchour-glitch/aban-news-landing/main/dropship/pins/px-062-3d-wimpern-selbstklebend-ohne-kleber-nat-rlich.jpg","Wellness & Beauty","","3D-Wimpern selbstklebend · ohne Kleber, natürlich 🧖‍♀️ Schweizer Online-Shop, Lieferung in die ganze Schweiz. CHF 14.90 — −10% mit Code WELCOME10. #selfcare #beauty #wellness #schweiz #skincare","https://luxestyle.ch/products/selbstklebende-3d-wimpern-wiederverwendbar-ohne-kleber-naturlicher-look","","selfcare, beauty, wellness"
"Aroma-Diffuser «Mist» · Ultraschall mit LED | LuxeStyle CH","https://raw.githubusercontent.com/allengchour-glitch/aban-news-landing/main/dropship/pins/px-064-aroma-diffuser-mist-ultraschall-mit-led.jpg","Home & Geschenkideen","","Aroma-Diffuser «Mist» · Ultraschall mit LED 🏡 Schweizer Online-Shop, Lieferung in die ganze Schweiz. CHF 16.90 — −10% mit Code WELCOME10. #homedeko #geschenkidee #schweiz #interior #homedecor","https://luxestyle.ch/products/aroma-diffuser-mist-ultraschall-mit-led","","home deko, geschenkidee, interior"
"Reed-Diffuser «Aroma» · Duftstäbchen ohne Flamme | LuxeStyle CH","https://raw.githubusercontent.com/allengchour-glitch/aban-news-landing/main/dropship/pins/px-065-reed-diffuser-aroma-duftst-bchen-ohne-flamme.jpg","Home & Geschenkideen","","Reed-Diffuser «Aroma» · Duftstäbchen ohne Flamme 🏡 Schweizer Online-Shop, Lieferung in die ganze Schweiz. CHF 16.90 — −10% mit Code WELCOME10. #homedeko #geschenkidee #schweiz #interior #homedecor","https://luxestyle.ch/products/reed-diffuser-aroma-duftstabchen-ohne-flamme","","home deko, geschenkidee, interior"
"Spülbecken-Organizer · Schwamm- & Seifenhalter | LuxeStyle CH","https://raw.githubusercontent.com/allengchour-glitch/aban-news-landing/main/dropship/pins/px-066-sp-lbecken-organizer-schwamm-seifenhalter.jpg","Home & Geschenkideen","","Spülbecken-Organizer · Schwamm- & Seifenhalter 🏡 Schweizer Online-Shop, Lieferung in die ganze Schweiz. CHF 24.90 — −10% mit Code WELCOME10. #homedeko #geschenkidee #schweiz #interior #homedecor","https://luxestyle.ch/products/spulbecken-organizer-schwamm-seifenhalter-mit-ablauf","","home deko, geschenkidee, interior"
"Smartwatch Pro 1.78″ AMOLED · Fitness & Bluetooth | LuxeStyle CH","https://raw.githubusercontent.com/allengchour-glitch/aban-news-landing/main/dropship/pins/px-067-smartwatch-pro-1-78-amoled-fitness-bluetooth.jpg","Home & Geschenkideen","","Smartwatch Pro 1.78″ AMOLED · Fitness & Bluetooth 🎁 Schweizer Online-Shop, Lieferung in die ganze Schweiz. CHF 69.90 — −10% mit Code WELCOME10. #geschenkidee #gadget #schweiz #geschenk #homedecor","https://luxestyle.ch/products/smartwatch-pro-1-78-amoled-herzfrequenz-fitness-tracker-bluetooth","","geschenkidee, gadget, geschenke schweiz"
"Rugged Smartwatch X5 · 5 ATM, GPS, Calling | LuxeStyle CH","https://raw.githubusercontent.com/allengchour-glitch/aban-news-landing/main/dropship/pins/px-068-rugged-smartwatch-x5-5-atm-gps-calling.jpg","Home & Geschenkideen","","Rugged Smartwatch X5 · 5 ATM, GPS, Calling 🎁 Schweizer Online-Shop, Lieferung in die ganze Schweiz. CHF 79.90 — −10% mit Code WELCOME10. #geschenkidee #gadget #schweiz #geschenk #homedecor","https://luxestyle.ch/products/rugged-smartwatch-x5-5-atm-wasserdicht-gps-bluetooth-calling","","geschenkidee, gadget, geschenke schweiz"
"Panda Handyhalter · süsser Schreibtisch-Ständer | LuxeStyle CH","https://raw.githubusercontent.com/allengchour-glitch/aban-news-landing/main/dropship/pins/px-070-panda-handyhalter-s-sser-schreibtisch-st-nder.jpg","Home & Geschenkideen","","Panda Handyhalter · süsser Schreibtisch-Ständer 🎁 Schweizer Online-Shop, Lieferung in die ganze Schweiz. CHF 14.90 — −10% mit Code WELCOME10. #geschenkidee #gadget #schweiz #geschenk #homedecor","https://luxestyle.ch/products/panda-handyhalter-susser-schreibtisch-stander-fur-smartphones","","geschenkidee, gadget, geschenke schweiz"
"Bausteine-Set «Police Racer» · 318 Teile | LuxeStyle CH","https://raw.githubusercontent.com/allengchour-glitch/aban-news-landing/main/dropship/pins/px-073-bausteine-set-police-racer-318-teile.jpg","Home & Geschenkideen","","Bausteine-Set «Police Racer» · 318 Teile 🎁 Schweizer Online-Shop, Lieferung in die ganze Schweiz. CHF 39.90 — −10% mit Code WELCOME10. #geschenkidee #gadget #schweiz #geschenk #homedecor","https://luxestyle.ch/products/bausteine-set-police-racer-318-teile","","geschenkidee, gadget, geschenke schweiz"
"Elegantes Sommerkleid A-Linie – Hemdkragen, fliessend | LuxeStyle CH","https://raw.githubusercontent.com/allengchour-glitch/aban-news-landing/main/dropship/pins/py2-001-elegantes-sommerkleid-a-linie-hemdkragen-fliessend.jpg","Sommerkleider & Damenmode 2026","","Elegantes Sommerkleid A-Linie – Hemdkragen, fliessend ☀️ Schweizer Online-Shop, Lieferung in die ganze Schweiz. CHF 44.90 — −10% mit Code WELCOME10. #sommerkleid #ootd #schweiz #damenmode #fashion","https://luxestyle.ch/products/elegantes-sommerkleid-a-linie-hemdkragen-fliessend-damen-3-farben","","sommerkleid, damenmode schweiz, ootd"
"Neckholder-Sommerkleid mit Blumen-Print – V-Ausschnitt | LuxeStyle CH","https://raw.githubusercontent.com/allengchour-glitch/aban-news-landing/main/dropship/pins/py2-002-neckholder-sommerkleid-mit-blumen-print-v-ausschnitt.jpg","Sommerkleider & Damenmode 2026","","Neckholder-Sommerkleid mit Blumen-Print – V-Ausschnitt ☀️ Schweizer Online-Shop, Lieferung in die ganze Schweiz. CHF 34.90 — −10% mit Code WELCOME10. #sommerkleid #ootd #schweiz #damenmode #fashion","https://luxestyle.ch/products/neckholder-sommerkleid-mit-blumen-print-v-ausschnitt-damen","","sommerkleid, damenmode schweiz, ootd"
"Abendkleid «Sirène» – High-Slit Meerjungfrau mit Schleppe | LuxeStyle CH","https://raw.githubusercontent.com/allengchour-glitch/aban-news-landing/main/dropship/pins/py2-003-abendkleid-sir-ne-high-slit-meerjungfrau-mit-schleppe.jpg","Sommerkleider & Damenmode 2026","","Abendkleid «Sirène» – High-Slit Meerjungfrau mit Schleppe ☀️ Schweizer Online-Shop, Lieferung in die ganze Schweiz. CHF 49.90 — −10% mit Code WELCOME10. #sommerkleid #ootd #schweiz #damenmode #fashion","https://luxestyle.ch/products/abendkleid-sirene-high-slit-meerjungfrau-mit-schleppe","","sommerkleid, damenmode schweiz, ootd"
"Strand-Maxikleid «Bali» – luftiges Stufenkleid | LuxeStyle CH","https://raw.githubusercontent.com/allengchour-glitch/aban-news-landing/main/dropship/pins/py2-004-strand-maxikleid-bali-luftiges-stufenkleid.jpg","Sommerkleider & Damenmode 2026","","Strand-Maxikleid «Bali» – luftiges Stufenkleid ☀️ Schweizer Online-Shop, Lieferung in die ganze Schweiz. CHF 34.90 — −10% mit Code WELCOME10. #sommerkleid #ootd #schweiz #damenmode #fashion","https://luxestyle.ch/products/strand-maxikleid-bali-luftiges-stufenkleid","","sommerkleid, damenmode schweiz, ootd"
"Polka-Dot Retro-Kleid «Daisy» – Vintage mit Schleife | LuxeStyle CH","https://raw.githubusercontent.com/allengchour-glitch/aban-news-landing/main/dropship/pins/py2-005-polka-dot-retro-kleid-daisy-vintage-mit-schleife.jpg","Sommerkleider & Damenmode 2026","","Polka-Dot Retro-Kleid «Daisy» – Vintage mit Schleife ☀️ Schweizer Online-Shop, Lieferung in die ganze Schweiz. CHF 34.90 — −10% mit Code WELCOME10. #sommerkleid #ootd #schweiz #damenmode #fashion","https://luxestyle.ch/products/polka-dot-retro-kleid-daisy-deep-v-mit-schleife","","sommerkleid, damenmode schweiz, ootd"
"Sommerkleid «Savanna» – Western-Style Midi | LuxeStyle CH","https://raw.githubusercontent.com/allengchour-glitch/aban-news-landing/main/dropship/pins/py2-006-sommerkleid-savanna-western-style-midi.jpg","Sommerkleider & Damenmode 2026","","Sommerkleid «Savanna» – Western-Style Midi ☀️ Schweizer Online-Shop, Lieferung in die ganze Schweiz. CHF 39.90 — −10% mit Code WELCOME10. #sommerkleid #ootd #schweiz #damenmode #fashion","https://luxestyle.ch/products/sommerkleid-savanna-western-style-midi","","sommerkleid, damenmode schweiz, ootd"
"Blumen-Maxikleid «Fleurette» – Neckholder mit Fishtail | LuxeStyle CH","https://raw.githubusercontent.com/allengchour-glitch/aban-news-landing/main/dropship/pins/py2-007-blumen-maxikleid-fleurette-neckholder-mit-fishtail.jpg","Sommerkleider & Damenmode 2026","","Blumen-Maxikleid «Fleurette» – Neckholder mit Fishtail ☀️ Schweizer Online-Shop, Lieferung in die ganze Schweiz. CHF 34.90 — −10% mit Code WELCOME10. #sommerkleid #ootd #schweiz #damenmode #fashion","https://luxestyle.ch/products/blumen-maxikleid-fleurette-neckholder-mit-fishtail","","sommerkleid, damenmode schweiz, ootd"
"Etuikleid «Lumea» – Cut-Out Sheath | LuxeStyle CH","https://raw.githubusercontent.com/allengchour-glitch/aban-news-landing/main/dropship/pins/py2-008-etuikleid-lumea-cut-out-sheath.jpg","Sommerkleider & Damenmode 2026","","Etuikleid «Lumea» – Cut-Out Sheath ☀️ Schweizer Online-Shop, Lieferung in die ganze Schweiz. CHF 34.90 — −10% mit Code WELCOME10. #sommerkleid #ootd #schweiz #damenmode #fashion","https://luxestyle.ch/products/etuikleid-lumea-cut-out-sheath","","sommerkleid, damenmode schweiz, ootd"
"Midikleid «Bluette» – Fake-2-Teiler mit V-Ausschnitt | LuxeStyle CH","https://raw.githubusercontent.com/allengchour-glitch/aban-news-landing/main/dropship/pins/py2-009-midikleid-bluette-fake-2-teiler-mit-v-ausschnitt.jpg","Sommerkleider & Damenmode 2026","","Midikleid «Bluette» – Fake-2-Teiler mit V-Ausschnitt ☀️ Schweizer Online-Shop, Lieferung in die ganze Schweiz. CHF 34.90 — −10% mit Code WELCOME10. #sommerkleid #ootd #schweiz #damenmode #fashion","https://luxestyle.ch/products/midikleid-bluette-fake-2-teiler-mit-v-ausschnitt","","sommerkleid, damenmode schweiz, ootd"
"Schnürkleid «Noir» – Schleifen-Detail | LuxeStyle CH","https://raw.githubusercontent.com/allengchour-glitch/aban-news-landing/main/dropship/pins/py2-010-schn-rkleid-noir-schleifen-detail.jpg","Sommerkleider & Damenmode 2026","","Schnürkleid «Noir» – Schleifen-Detail ☀️ Schweizer Online-Shop, Lieferung in die ganze Schweiz. CHF 34.90 — −10% mit Code WELCOME10. #sommerkleid #ootd #schweiz #damenmode #fashion","https://luxestyle.ch/products/schnurkleid-noir-schleifen-detail","","sommerkleid, damenmode schweiz, ootd"
"Off-Shoulder-Kleid «Brise» – locker & ärmellos | LuxeStyle CH","https://raw.githubusercontent.com/allengchour-glitch/aban-news-landing/main/dropship/pins/py2-011-off-shoulder-kleid-brise-locker-rmellos.jpg","Sommerkleider & Damenmode 2026","","Off-Shoulder-Kleid «Brise» – locker & ärmellos ☀️ Schweizer Online-Shop, Lieferung in die ganze Schweiz. CHF 34.90 — −10% mit Code WELCOME10. #sommerkleid #ootd #schweiz #damenmode #fashion","https://luxestyle.ch/products/off-shoulder-kleid-brise-locker-armellos","","sommerkleid, damenmode schweiz, ootd"
"Sommerkleid «Dos Nu» – locker mit Rücken-Cut-out | LuxeStyle CH","https://raw.githubusercontent.com/allengchour-glitch/aban-news-landing/main/dropship/pins/py2-012-sommerkleid-dos-nu-locker-mit-r-cken-cut-out.jpg","Sommerkleider & Damenmode 2026","","Sommerkleid «Dos Nu» – locker mit Rücken-Cut-out ☀️ Schweizer Online-Shop, Lieferung in die ganze Schweiz. CHF 34.90 — −10% mit Code WELCOME10. #sommerkleid #ootd #schweiz #damenmode #fashion","https://luxestyle.ch/products/sommerkleid-dos-nu-locker-mit-rucken-cut-out","","sommerkleid, damenmode schweiz, ootd"
"T-Shirt-Kleid «Casa» – locker mit Print | LuxeStyle CH","https://raw.githubusercontent.com/allengchour-glitch/aban-news-landing/main/dropship/pins/py2-013-t-shirt-kleid-casa-locker-mit-print.jpg","Sommerkleider & Damenmode 2026","","T-Shirt-Kleid «Casa» – locker mit Print ☀️ Schweizer Online-Shop, Lieferung in die ganze Schweiz. CHF 34.90 — −10% mit Code WELCOME10. #sommerkleid #ootd #schweiz #damenmode #fashion","https://luxestyle.ch/products/t-shirt-kleid-casa-locker-mit-print","","sommerkleid, damenmode schweiz, ootd"
"Slip-Kleid «Nuit» – V-Ausschnitt, Langarm, elegant | LuxeStyle CH","https://raw.githubusercontent.com/allengchour-glitch/aban-news-landing/main/dropship/pins/py2-014-slip-kleid-nuit-v-ausschnitt-langarm-elegant.jpg","Sommerkleider & Damenmode 2026","","Slip-Kleid «Nuit» – V-Ausschnitt, Langarm, elegant ☀️ Schweizer Online-Shop, Lieferung in die ganze Schweiz. CHF 39.90 — −10% mit Code WELCOME10. #sommerkleid #ootd #schweiz #damenmode #fashion","https://luxestyle.ch/products/slip-kleid-nuit-v-ausschnitt-langarm-elegant","","sommerkleid, damenmode schweiz, ootd"
"Strandkleid «Playa» – Halter mit Schnür-Detail | LuxeStyle CH","https://raw.githubusercontent.com/allengchour-glitch/aban-news-landing/main/dropship/pins/py2-015-strandkleid-playa-halter-mit-schn-r-detail.jpg","Sommerkleider & Damenmode 2026","","Strandkleid «Playa» – Halter mit Schnür-Detail ☀️ Schweizer Online-Shop, Lieferung in die ganze Schweiz. CHF 34.90 — −10% mit Code WELCOME10. #sommerkleid #ootd #schweiz #damenmode #fashion","https://luxestyle.ch/products/strandkleid-playa-halter-mit-schnur-detail","","sommerkleid, damenmode schweiz, ootd"
"Boho-Kleid «Ibiza» – Baumwoll-Leinen, locker | LuxeStyle CH","https://raw.githubusercontent.com/allengchour-glitch/aban-news-landing/main/dropship/pins/py2-016-boho-kleid-ibiza-baumwoll-leinen-locker.jpg","Sommerkleider & Damenmode 2026","","Boho-Kleid «Ibiza» – Baumwoll-Leinen, locker ☀️ Schweizer Online-Shop, Lieferung in die ganze Schweiz. CHF 34.90 — −10% mit Code WELCOME10. #sommerkleid #ootd #schweiz #damenmode #fashion","https://luxestyle.ch/products/boho-kleid-ibiza-baumwoll-leinen-locker","","sommerkleid, damenmode schweiz, ootd"
"Keil-Sandalen «Capri» · Geflochten, Espadrille-Look | LuxeStyle CH","https://raw.githubusercontent.com/allengchour-glitch/aban-news-landing/main/dropship/pins/py2-034-keil-sandalen-capri-geflochten-espadrille-look.jpg","Schuhe & Sandalen","","Keil-Sandalen «Capri» · Geflochten, Espadrille-Look 👡 Schweizer Online-Shop, Lieferung in die ganze Schweiz. CHF 39.90 — −10% mit Code WELCOME10. #schuhe #sommerschuhe #shoes #schweiz","https://luxestyle.ch/products/keil-sandalen-capri-geflochten-espadrille-look","","damenschuhe, sommerschuhe, schuhe"
"Plateau-Pumps «Wild» · Leoparden-Print, Knöchelriemen | LuxeStyle CH","https://raw.githubusercontent.com/allengchour-glitch/aban-news-landing/main/dropship/pins/py2-035-plateau-pumps-wild-leoparden-print-kn-chelriemen.jpg","Schuhe & Sandalen","","Plateau-Pumps «Wild» · Leoparden-Print, Knöchelriemen 👡 Schweizer Online-Shop, Lieferung in die ganze Schweiz. CHF 44.90 — −10% mit Code WELCOME10. #schuhe #sommerschuhe #shoes #schweiz","https://luxestyle.ch/products/plateau-pumps-wild-leoparden-print-knochelriemen","","damenschuhe, sommerschuhe, schuhe"
"Plateau-Sneaker «Cloud» · Spitzen-Mesh, geschnürt | LuxeStyle CH","https://raw.githubusercontent.com/allengchour-glitch/aban-news-landing/main/dropship/pins/py2-036-plateau-sneaker-cloud-spitzen-mesh-geschn-rt.jpg","Schuhe & Sandalen","","Plateau-Sneaker «Cloud» · Spitzen-Mesh, geschnürt 👡 Schweizer Online-Shop, Lieferung in die ganze Schweiz. CHF 39.90 — −10% mit Code WELCOME10. #schuhe #sommerschuhe #shoes #schweiz","https://luxestyle.ch/products/plateau-sneaker-cloud-spitzen-mesh-geschnurt","","damenschuhe, sommerschuhe, schuhe"
"Mary-Jane-Ballerina «Dolce» · Lack, mit Riemchen | LuxeStyle CH","https://raw.githubusercontent.com/allengchour-glitch/aban-news-landing/main/dropship/pins/py2-037-mary-jane-ballerina-dolce-lack-mit-riemchen.jpg","Schuhe & Sandalen","","Mary-Jane-Ballerina «Dolce» · Lack, mit Riemchen 👡 Schweizer Online-Shop, Lieferung in die ganze Schweiz. CHF 34.90 — −10% mit Code WELCOME10. #schuhe #sommerschuhe #shoes #schweiz","https://luxestyle.ch/products/mary-jane-ballerina-dolce-lack-mit-riemchen","","damenschuhe, sommerschuhe, schuhe"
"Mule-Sandalette «Nodo» · Drapiert, Spitze Form | LuxeStyle CH","https://raw.githubusercontent.com/allengchour-glitch/aban-news-landing/main/dropship/pins/py2-038-mule-sandalette-nodo-drapiert-spitze-form.jpg","Schuhe & Sandalen","","Mule-Sandalette «Nodo» · Drapiert, Spitze Form 👡 Schweizer Online-Shop, Lieferung in die ganze Schweiz. CHF 39.90 — −10% mit Code WELCOME10. #schuhe #sommerschuhe #shoes #schweiz","https://luxestyle.ch/products/mule-sandalette-nodo-drapiert-spitze-form","","damenschuhe, sommerschuhe, schuhe"
"Herren-Sneaker «Marco» · Leder-Optik, Retro-Trainer | LuxeStyle CH","https://raw.githubusercontent.com/allengchour-glitch/aban-news-landing/main/dropship/pins/py2-039-herren-sneaker-marco-leder-optik-retro-trainer.jpg","Schuhe & Sandalen","","Herren-Sneaker «Marco» · Leder-Optik, Retro-Trainer 👡 Schweizer Online-Shop, Lieferung in die ganze Schweiz. CHF 54.90 — −10% mit Code WELCOME10. #schuhe #sommerschuhe #shoes #schweiz","https://luxestyle.ch/products/herren-sneaker-marco-leder-optik-retro-trainer","","damenschuhe, sommerschuhe, schuhe"
"Rosenquarz Gua Sha Set | LuxeStyle CH","https://raw.githubusercontent.com/allengchour-glitch/aban-news-landing/main/dropship/pins/py2-058-rosenquarz-gua-sha-set.jpg","Home & Geschenkideen","","Rosenquarz Gua Sha Set 🎁 Schweizer Online-Shop, Lieferung in die ganze Schweiz. CHF 24.90 — −10% mit Code WELCOME10. #geschenkidee #gadget #schweiz #geschenk #homedecor","https://luxestyle.ch/products/rosenquarz-gua-sha-set","","geschenkidee, gadget, geschenke schweiz"
"Jade Roller Premium Doppelseitig | LuxeStyle CH","https://raw.githubusercontent.com/allengchour-glitch/aban-news-landing/main/dropship/pins/py2-059-jade-roller-premium-doppelseitig.jpg","Home & Geschenkideen","","Jade Roller Premium Doppelseitig 🎁 Schweizer Online-Shop, Lieferung in die ganze Schweiz. CHF 22.90 — −10% mit Code WELCOME10. #geschenkidee #gadget #schweiz #geschenk #homedecor","https://luxestyle.ch/products/jade-roller-premium-doppelseitig","","geschenkidee, gadget, geschenke schweiz"
"Kristall-Set 3-teilig | LuxeStyle CH","https://raw.githubusercontent.com/allengchour-glitch/aban-news-landing/main/dropship/pins/py2-060-kristall-set-3-teilig.jpg","Home & Geschenkideen","","Kristall-Set 3-teilig 🎁 Schweizer Online-Shop, Lieferung in die ganze Schweiz. CHF 29.90 — −10% mit Code WELCOME10. #geschenkidee #gadget #schweiz #geschenk #homedecor","https://luxestyle.ch/products/kristall-set-3-teilig","","geschenkidee, gadget, geschenke schweiz"
"Henkeltasche «Lune» · Top-Handle mit Gold-Clip, Crossbody | LuxeStyle CH","https://raw.githubusercontent.com/allengchour-glitch/aban-news-landing/main/dropship/pins/py2-062-henkeltasche-lune-top-handle-mit-gold-clip-crossbody.jpg","Home & Geschenkideen","","Henkeltasche «Lune» · Top-Handle mit Gold-Clip, Crossbody 🎁 Schweizer Online-Shop, Lieferung in die ganze Schweiz. CHF 24.90 — −10% mit Code WELCOME10. #geschenkidee #gadget #schweiz #geschenk #homedecor","https://luxestyle.ch/products/henkeltasche-lune-top-handle-mit-gold-clip-crossbody","","geschenkidee, gadget, geschenke schweiz"
"Crossbody-Tasche «Nuit» · elegant im Vintage-Look | LuxeStyle CH","https://raw.githubusercontent.com/allengchour-glitch/aban-news-landing/main/dropship/pins/py2-063-crossbody-tasche-nuit-elegant-im-vintage-look.jpg","Home & Geschenkideen","","Crossbody-Tasche «Nuit» · elegant im Vintage-Look 🎁 Schweizer Online-Shop, Lieferung in die ganze Schweiz. CHF 24.90 — −10% mit Code WELCOME10. #geschenkidee #gadget #schweiz #geschenk #homedecor","https://luxestyle.ch/products/crossbody-tasche-nuit-elegant-im-vintage-look","","geschenkidee, gadget, geschenke schweiz"
"925-Silber Fusskettchen «Riva» · Emaille-Perlen | LuxeStyle CH","https://raw.githubusercontent.com/allengchour-glitch/aban-news-landing/main/dropship/pins/py3-001-925-silber-fusskettchen-riva-emaille-perlen.jpg","Schmuck & Accessoires","","925-Silber Fusskettchen «Riva» · Emaille-Perlen 💎 Schweizer Online-Shop, Lieferung in die ganze Schweiz. CHF 49.90 — −10% mit Code WELCOME10. #schmuck #jewelry #schweiz #accessoires","https://luxestyle.ch/products/925-silber-fusskettchen-riva-emaille-perlen","","schmuck, damenschmuck, accessoires"
"Süsswasserperlen-Ohrringe «Perla» · 925 Silber | LuxeStyle CH","https://raw.githubusercontent.com/allengchour-glitch/aban-news-landing/main/dropship/pins/py3-002-s-sswasserperlen-ohrringe-perla-925-silber.jpg","Schmuck & Accessoires","","Süsswasserperlen-Ohrringe «Perla» · 925 Silber 💎 Schweizer Online-Shop, Lieferung in die ganze Schweiz. CHF 89.90 — −10% mit Code WELCOME10. #schmuck #jewelry #schweiz #accessoires","https://luxestyle.ch/products/susswasserperlen-ohrringe-perla-925-silber","","schmuck, damenschmuck, accessoires"
"925-Silber Ring «Fleur» · filigrane Blüte | LuxeStyle CH","https://raw.githubusercontent.com/allengchour-glitch/aban-news-landing/main/dropship/pins/py3-003-925-silber-ring-fleur-filigrane-bl-te.jpg","Schmuck & Accessoires","","925-Silber Ring «Fleur» · filigrane Blüte 💎 Schweizer Online-Shop, Lieferung in die ganze Schweiz. CHF 59.90 — −10% mit Code WELCOME10. #schmuck #jewelry #schweiz #accessoires","https://luxestyle.ch/products/925-silber-ring-fleur-filigrane-blute","","schmuck, damenschmuck, accessoires"
"Moissanite-Kette «Aurora» · 925 Silber, GRA-zertifiziert | LuxeStyle CH","https://raw.githubusercontent.com/allengchour-glitch/aban-news-landing/main/dropship/pins/py3-004-moissanite-kette-aurora-925-silber-gra-zertifiziert.jpg","Schmuck & Accessoires","","Moissanite-Kette «Aurora» · 925 Silber, GRA-zertifiziert 💎 Schweizer Online-Shop, Lieferung in die ganze Schweiz. CHF 199.00 — −10% mit Code WELCOME10. #schmuck #jewelry #schweiz #accessoires","https://luxestyle.ch/products/moissanite-kette-aurora-925-silber-gra-zertifiziert","","schmuck, damenschmuck, accessoires"
"Premium Schultertasche «Como» · geräumig | LuxeStyle CH","https://raw.githubusercontent.com/allengchour-glitch/aban-news-landing/main/dropship/pins/py3-009-premium-schultertasche-como-ger-umig.jpg","Schmuck & Accessoires","","Premium Schultertasche «Como» · geräumig 💎 Schweizer Online-Shop, Lieferung in die ganze Schweiz. CHF 89.90 — −10% mit Code WELCOME10. #schmuck #jewelry #schweiz #accessoires","https://luxestyle.ch/products/premium-schultertasche-como-geraumig-tragegurt","","schmuck, damenschmuck, accessoires"
"Echtleder-Henkeltasche «Milano» · weiches Rindsleder | LuxeStyle CH","https://raw.githubusercontent.com/allengchour-glitch/aban-news-landing/main/dropship/pins/py3-010-echtleder-henkeltasche-milano-weiches-rindsleder.jpg","Schmuck & Accessoires","","Echtleder-Henkeltasche «Milano» · weiches Rindsleder 💎 Schweizer Online-Shop, Lieferung in die ganze Schweiz. CHF 99.90 — −10% mit Code WELCOME10. #schmuck #jewelry #schweiz #accessoires","https://luxestyle.ch/products/echtleder-henkeltasche-milano-weiches-rindsleder","","schmuck, damenschmuck, accessoires"
"Herren Trainingsschuhe «Forza» · Gym & Weightlifting | LuxeStyle CH","https://raw.githubusercontent.com/allengchour-glitch/aban-news-landing/main/dropship/pins/py3-012-herren-trainingsschuhe-forza-gym-weightlifting.jpg","Schuhe & Sandalen","","Herren Trainingsschuhe «Forza» · Gym & Weightlifting 👡 Schweizer Online-Shop, Lieferung in die ganze Schweiz. CHF 54.90 — −10% mit Code WELCOME10. #schuhe #sommerschuhe #shoes #schweiz","https://luxestyle.ch/products/herren-trainingsschuhe-forza-gym-weightlifting","","damenschuhe, sommerschuhe, schuhe"
"Herren Sport-Sneaker «Velocità» · Mesh, Wide-Toe | LuxeStyle CH","https://raw.githubusercontent.com/allengchour-glitch/aban-news-landing/main/dropship/pins/py3-013-herren-sport-sneaker-velocit-mesh-wide-toe.jpg","Schuhe & Sandalen","","Herren Sport-Sneaker «Velocità» · Mesh, Wide-Toe 👡 Schweizer Online-Shop, Lieferung in die ganze Schweiz. CHF 54.90 — −10% mit Code WELCOME10. #schuhe #sommerschuhe #shoes #schweiz","https://luxestyle.ch/products/herren-sport-sneaker-velocita-mesh-wide-toe","","damenschuhe, sommerschuhe, schuhe"
"Herren Leder-Sandalen «Adriano» · Vollnarbenleder | LuxeStyle CH","https://raw.githubusercontent.com/allengchour-glitch/aban-news-landing/main/dropship/pins/py3-014-herren-leder-sandalen-adriano-vollnarbenleder.jpg","Schuhe & Sandalen","","Herren Leder-Sandalen «Adriano» · Vollnarbenleder 👡 Schweizer Online-Shop, Lieferung in die ganze Schweiz. CHF 49.90 — −10% mit Code WELCOME10. #schuhe #sommerschuhe #shoes #schweiz","https://luxestyle.ch/products/herren-leder-sandalen-adriano-vollnarbenleder","","damenschuhe, sommerschuhe, schuhe"
"Herren High-Top-Sneaker «Brooklyn» · Mesh | LuxeStyle CH","https://raw.githubusercontent.com/allengchour-glitch/aban-news-landing/main/dropship/pins/py3-015-herren-high-top-sneaker-brooklyn-mesh.jpg","Schuhe & Sandalen","","Herren High-Top-Sneaker «Brooklyn» · Mesh 👡 Schweizer Online-Shop, Lieferung in die ganze Schweiz. CHF 44.90 — −10% mit Code WELCOME10. #schuhe #sommerschuhe #shoes #schweiz","https://luxestyle.ch/products/herren-high-top-sneaker-brooklyn-mesh-atmungsaktiv","","damenschuhe, sommerschuhe, schuhe"
"Damen Komfort-Sandalen «Estate» · Elastik-Riemen | LuxeStyle CH","https://raw.githubusercontent.com/allengchour-glitch/aban-news-landing/main/dropship/pins/py3-016-damen-komfort-sandalen-estate-elastik-riemen.jpg","Schuhe & Sandalen","","Damen Komfort-Sandalen «Estate» · Elastik-Riemen 👡 Schweizer Online-Shop, Lieferung in die ganze Schweiz. CHF 29.90 — −10% mit Code WELCOME10. #schuhe #sommerschuhe #shoes #schweiz","https://luxestyle.ch/products/damen-komfort-sandalen-estate-elastik-riemen","","damenschuhe, sommerschuhe, schuhe"
"Damen Beach-Slides «Maré» · Slip-on | LuxeStyle CH","https://raw.githubusercontent.com/allengchour-glitch/aban-news-landing/main/dropship/pins/py3-017-damen-beach-slides-mar-slip-on.jpg","Schuhe & Sandalen","","Damen Beach-Slides «Maré» · Slip-on 👡 Schweizer Online-Shop, Lieferung in die ganze Schweiz. CHF 29.90 — −10% mit Code WELCOME10. #schuhe #sommerschuhe #shoes #schweiz","https://luxestyle.ch/products/damen-beach-slides-mare-slip-on","","damenschuhe, sommerschuhe, schuhe"
"Damen Sommer-Sandalen «Lido» · geschlossene Spitze | LuxeStyle CH","https://raw.githubusercontent.com/allengchour-glitch/aban-news-landing/main/dropship/pins/py3-018-damen-sommer-sandalen-lido-geschlossene-spitze.jpg","Schuhe & Sandalen","","Damen Sommer-Sandalen «Lido» · geschlossene Spitze 👡 Schweizer Online-Shop, Lieferung in die ganze Schweiz. CHF 32.90 — −10% mit Code WELCOME10. #schuhe #sommerschuhe #shoes #schweiz","https://luxestyle.ch/products/damen-sommer-sandalen-lido-geschlossene-spitze","","damenschuhe, sommerschuhe, schuhe"
"Damen High-Heel-Sandalette «Capri» · offene Spitze | LuxeStyle CH","https://raw.githubusercontent.com/allengchour-glitch/aban-news-landing/main/dropship/pins/py3-019-damen-high-heel-sandalette-capri-offene-spitze.jpg","Schuhe & Sandalen","","Damen High-Heel-Sandalette «Capri» · offene Spitze 👡 Schweizer Online-Shop, Lieferung in die ganze Schweiz. CHF 44.90 — −10% mit Code WELCOME10. #schuhe #sommerschuhe #shoes #schweiz","https://luxestyle.ch/products/damen-high-heel-sandalette-capri-offene-spitze","","damenschuhe, sommerschuhe, schuhe"
"Polka-Dot Wickel-Rock «Dolce» · High-Waist | LuxeStyle CH","https://raw.githubusercontent.com/allengchour-glitch/aban-news-landing/main/dropship/pins/py3-020-polka-dot-wickel-rock-dolce-high-waist.jpg","Sommerkleider & Damenmode 2026","","Polka-Dot Wickel-Rock «Dolce» · High-Waist ☀️ Schweizer Online-Shop, Lieferung in die ganze Schweiz. CHF 34.90 — −10% mit Code WELCOME10. #sommerkleid #ootd #schweiz #damenmode #fashion","https://luxestyle.ch/products/polka-dot-wickel-rock-dolce-high-waist-asymmetrisch","","sommerkleid, damenmode schweiz, ootd"
"Wide-Leg Midi-Rock «Studio» · fließend, Freigröße | LuxeStyle CH","https://raw.githubusercontent.com/allengchour-glitch/aban-news-landing/main/dropship/pins/py3-021-wide-leg-midi-rock-studio-flie-end-freigr-e.jpg","Sommerkleider & Damenmode 2026","","Wide-Leg Midi-Rock «Studio» · fließend, Freigröße ☀️ Schweizer Online-Shop, Lieferung in die ganze Schweiz. CHF 29.90 — −10% mit Code WELCOME10. #sommerkleid #ootd #schweiz #damenmode #fashion","https://luxestyle.ch/products/wide-leg-midi-rock-studio-fliessend-freigrosse","","sommerkleid, damenmode schweiz, ootd"
"Süsswasserperlen-Armband «Perla» · 925 Silber, Infinity | LuxeStyle CH","https://raw.githubusercontent.com/allengchour-glitch/aban-news-landing/main/dropship/pins/py4-002-s-sswasserperlen-armband-perla-925-silber-infinity.jpg","Schmuck & Accessoires","","Süsswasserperlen-Armband «Perla» · 925 Silber, Infinity 💎 Schweizer Online-Shop, Lieferung in die ganze Schweiz. CHF 79.90 — −10% mit Code WELCOME10. #schmuck #jewelry #schweiz #accessoires","https://luxestyle.ch/products/susswasserperlen-armband-perla-925-silber-infinity","","schmuck, damenschmuck, accessoires"
"925-Silber Armband «Onda» · Kleeblatt-Glieder | LuxeStyle CH","https://raw.githubusercontent.com/allengchour-glitch/aban-news-landing/main/dropship/pins/py4-004-925-silber-armband-onda-kleeblatt-glieder.jpg","Schmuck & Accessoires","","925-Silber Armband «Onda» · Kleeblatt-Glieder 💎 Schweizer Online-Shop, Lieferung in die ganze Schweiz. CHF 99.90 — −10% mit Code WELCOME10. #schmuck #jewelry #schweiz #accessoires","https://luxestyle.ch/products/925-silber-armband-onda-kleeblatt-glieder","","schmuck, damenschmuck, accessoires"
"925-Silber Armband «Cerchio» · Circle-Link | LuxeStyle CH","https://raw.githubusercontent.com/allengchour-glitch/aban-news-landing/main/dropship/pins/py4-005-925-silber-armband-cerchio-circle-link.jpg","Schmuck & Accessoires","","925-Silber Armband «Cerchio» · Circle-Link 💎 Schweizer Online-Shop, Lieferung in die ganze Schweiz. CHF 99.90 — −10% mit Code WELCOME10. #schmuck #jewelry #schweiz #accessoires","https://luxestyle.ch/products/925-silber-armband-cerchio-circle-link","","schmuck, damenschmuck, accessoires"
"Damen Sommerkleid «Bloom» · Träger, Print | LuxeStyle CH","https://cdn.shopify.com/s/files/1/0943/6856/3585/files/0500a027-9b1d-4167-bbf6-ff8c518d5010.jpg?v=1781435667","Sommerkleider & Damenmode 2026","","Damen Sommerkleid «Bloom» · Träger, Print ☀️ Schweizer Online-Shop, Lieferung in die ganze Schweiz. CHF 32.90 — −10% mit Code WELCOME10. #sommerkleid #damenmode #schweiz #outfit","https://luxestyle.ch/products/damen-sommerkleid-bloom-trager-print","","sommerkleid, damenmode, schweiz"
"Damen Maxikleid «Sirena» · Seitenschlitz | LuxeStyle CH","https://cdn.shopify.com/s/files/1/0943/6856/3585/files/8abcb56c-63a0-49cf-98af-f4fedefe883e.jpg?v=1781435625","Sommerkleider & Damenmode 2026","","Damen Maxikleid «Sirena» · Seitenschlitz ☀️ Schweizer Online-Shop, Lieferung in die ganze Schweiz. CHF 39.90 — −10% mit Code WELCOME10. #maxikleid #sommerkleid #damenmode #schweiz","https://luxestyle.ch/products/damen-maxikleid-sirena-seitenschlitz-einfarbig","","maxikleid, sommerkleid, damenmode"
"Damen Chiffon-Kleid «Capri» · Resort | LuxeStyle CH","https://cdn.shopify.com/s/files/1/0943/6856/3585/files/c65e80c4-ac8c-4a50-9aa8-1b4ab8479271.jpg?v=1781435607","Sommerkleider & Damenmode 2026","","Damen Chiffon-Kleid «Capri» · Resort ☀️ Schweizer Online-Shop, Lieferung in die ganze Schweiz. CHF 44.90 — −10% mit Code WELCOME10. #resortwear #sommerkleid #damenmode #schweiz","https://luxestyle.ch/products/damen-chiffon-kleid-capri-resort-fliessend","","resort, sommerkleid, damenmode"
"Damen A-Linien-Kleid «Fiorella» · bestickt | LuxeStyle CH","https://cdn.shopify.com/s/files/1/0943/6856/3585/files/9beb013d-07df-45bc-a9b8-560ebcf8e3b3.jpg?v=1781435643","Sommerkleider & Damenmode 2026","","Damen A-Linien-Kleid «Fiorella» · bestickt ☀️ Schweizer Online-Shop, Lieferung in die ganze Schweiz. CHF 54.90 — −10% mit Code WELCOME10. #sommerkleid #boho #damenmode #schweiz","https://luxestyle.ch/products/damen-a-linien-kleid-fiorella-neckholder-bestickt","","sommerkleid, boho, damenmode"
"Damen Bikini «Sunset» · Front-Zip | LuxeStyle CH","https://cdn.shopify.com/s/files/1/0943/6856/3585/files/efc0bb44-1132-457c-8d8b-4bb06fdfc4f0.jpg?v=1781434600","Sommerkleider & Damenmode 2026","","Damen Bikini «Sunset» · Front-Zip ☀️ Schweizer Online-Shop, Lieferung in die ganze Schweiz. CHF 32.90 — −10% mit Code WELCOME10. #bikini #beachwear #bademode #schweiz","https://luxestyle.ch/products/damen-bikini-sunset-front-zip-farbverlauf","","bikini, bademode, beachwear"
"Damen Strand-Cover-up «Brisa» · Crochet | LuxeStyle CH","https://cdn.shopify.com/s/files/1/0943/6856/3585/files/757c728f-c108-4ffe-bfec-90dde4399b4e.jpg?v=1781434641","Sommerkleider & Damenmode 2026","","Damen Strand-Cover-up «Brisa» · Crochet ☀️ Schweizer Online-Shop, Lieferung in die ganze Schweiz. CHF 34.90 — −10% mit Code WELCOME10. #beachwear #coverup #sommer #schweiz","https://luxestyle.ch/products/damen-strand-cover-up-brisa-crochet-strick","","coverup, beachwear, sommer"
"Herren Leinen-Hose «Lino» · Straight-Leg | LuxeStyle CH","https://cdn.shopify.com/s/files/1/0943/6856/3585/files/9dda15df-a304-4a9a-9197-81e06881ad7d.jpg?v=1781424583","Herrenmode Schweiz","","Herren Leinen-Hose «Lino» · Straight-Leg ☀️ Schweizer Online-Shop, Lieferung in die ganze Schweiz. CHF 39.90 — −10% mit Code WELCOME10. #herrenmode #leinen #menstyle #schweiz","https://luxestyle.ch/products/herren-leinen-hose-lino-straight-leg","","herrenmode, leinen, menstyle"
"Herren Sommer-Set «Riviera» · Hemd + Shorts | LuxeStyle CH","https://cdn.shopify.com/s/files/1/0943/6856/3585/files/ee1dc81c-31ee-45c6-807d-7531538c0755.jpg?v=1781402715","Herrenmode Schweiz","","Herren Sommer-Set «Riviera» · Hemd + Shorts ☀️ Schweizer Online-Shop, Lieferung in die ganze Schweiz. CHF 49.90 — −10% mit Code WELCOME10. #herrenmode #sommeroutfit #menstyle #schweiz","https://luxestyle.ch/products/herren-sommer-set-riviera-hemd-shorts","","herren set, sommeroutfit, menstyle"
"Herren Strick-Polo «Lido» · Ajour-Optik | LuxeStyle CH","https://cdn.shopify.com/s/files/1/0943/6856/3585/files/881d2784-64fa-41db-bdc6-d8a5da1cfb80.jpg?v=1781402679","Herrenmode Schweiz","","Herren Strick-Polo «Lido» · Ajour-Optik ☀️ Schweizer Online-Shop, Lieferung in die ganze Schweiz. CHF 39.90 — −10% mit Code WELCOME10. #herrenmode #polo #menstyle #schweiz","https://luxestyle.ch/products/herren-strick-polo-lido-ajour-optik","","polo, herrenmode, menstyle"
"Herren Beach-Shorts «Coral» · schnelltrocknend | LuxeStyle CH","https://cdn.shopify.com/s/files/1/0943/6856/3585/files/dd82ba1d-222f-40c8-bcb5-78942c0b5938.jpg?v=1781424565","Herrenmode Schweiz","","Herren Beach-Shorts «Coral» · schnelltrocknend ☀️ Schweizer Online-Shop, Lieferung in die ganze Schweiz. CHF 27.90 — −10% mit Code WELCOME10. #beachshorts #herrenmode #sommer #schweiz","https://luxestyle.ch/products/herren-beach-shorts-coral-reissverschluss-tasche","","beach shorts, herrenmode, sommer"
"Herren Chino-Shorts «Cruise» · Loose-Fit | LuxeStyle CH","https://cdn.shopify.com/s/files/1/0943/6856/3585/files/e1384ab5-3389-4879-af02-70a81d742093.jpg?v=1781402731","Herrenmode Schweiz","","Herren Chino-Shorts «Cruise» · Loose-Fit ☀️ Schweizer Online-Shop, Lieferung in die ganze Schweiz. CHF 32.90 — −10% mit Code WELCOME10. #herrenmode #shorts #menstyle #schweiz","https://luxestyle.ch/products/herren-chino-shorts-cruise-loose-fit","","chino shorts, herrenmode, menstyle"
"Süsswasserperlen-Kette «Perla» · 925 Silber | LuxeStyle CH","https://cdn.shopify.com/s/files/1/0943/6856/3585/files/d8fdaf68-c043-42eb-ba7f-d9b767b76274.jpg?v=1781386516","Schmuck & Accessoires","","Süsswasserperlen-Kette «Perla» · 925 Silber 💎 Schweizer Online-Shop, Lieferung in die ganze Schweiz. CHF 89.90 — −10% mit Code WELCOME10. #perlen #schmuck #925silber #schweiz","https://luxestyle.ch/products/susswasserperlen-kette-perla-925-silber-bar-design","","perlen, schmuck, halskette"
"Sonnenbrille «Aviateur» · Dual-Bridge, UV400 | LuxeStyle CH","https://cdn.shopify.com/s/files/1/0943/6856/3585/files/42ddbe84-2016-4c5a-ad8a-32cc7cfc1d48.jpg?v=1781387536","Schmuck & Accessoires","","Sonnenbrille «Aviateur» · Dual-Bridge, UV400 🕶️ Schweizer Online-Shop, Lieferung in die ganze Schweiz. CHF 24.90 — −10% mit Code WELCOME10. #sonnenbrille #accessoires #sommer #schweiz","https://luxestyle.ch/products/sonnenbrille-aviateur-dual-bridge-uv400","","sonnenbrille, accessoires, sommer"
"Herren Sling-Tasche «Ranger» · Echtleder | LuxeStyle CH","https://cdn.shopify.com/s/files/1/0943/6856/3585/files/bfcdd593-93e3-4c4b-8196-7c8df9fbe69c.jpg?v=1781387475","Herrenmode Schweiz","","Herren Sling-Tasche «Ranger» · Echtleder 👜 Schweizer Online-Shop, Lieferung in die ganze Schweiz. CHF 44.90 — −10% mit Code WELCOME10. #herrentasche #leder #menstyle #schweiz","https://luxestyle.ch/products/herren-sling-tasche-ranger-crazy-horse-echtleder","","herrentasche, leder, menstyle"
