title,price,category,location,image_url,body
"Blazer «Roma»",49.90,"Mode & Accessoires","3123 Belp","https://cdn.shopify.com/s/files/1/0943/6856/3585/files/5ee0a6a3-63ee-4f7c-a0f8-ca7624c0437c.jpg?v=1780905339","Neu & versandbereit ✨ Blazer «Roma» – Schwiizer Shop, schweizwiit Versand (gratis ab CHF 65), 30 Täg Rückgab. 👉 luxestyle.ch · -10% mit Code WELCOME10"
"Moissanite-Herzkette «Coeur»",119.90,"Schmuck & Uhren","3011 Bern","https://cdn.shopify.com/s/files/1/0943/6856/3585/files/010b06fe-dd7e-4470-a288-9b868a06330c.jpg?v=1780901173","Neu & versandbereit ✨ Moissanite-Herzkette «Coeur» – Schwiizer Shop, schweizwiit Versand (gratis ab CHF 65), 30 Täg Rückgab. 👉 luxestyle.ch · -10% mit Code WELCOME10"
"Herren-Sneaker «Marco»",54.90,"Mode & Accessoires","8001 Zürich","https://cdn.shopify.com/s/files/1/0943/6856/3585/files/8769b498-4e79-4900-bde6-9d7316ed91a3.jpg?v=1780939727","Neu & versandbereit ✨ Herren-Sneaker «Marco» – Schwiizer Shop, schweizwiit Versand (gratis ab CHF 65), 30 Täg Rückgab. 👉 luxestyle.ch · -10% mit Code WELCOME10"
"Sonnenbrille «Riviera»",14.90,"Mode & Accessoires","4001 Basel","https://cdn.shopify.com/s/files/1/0943/6856/3585/files/1490603a-8052-48a8-9b70-ce25ddb3d19c_0365449e-907c-4f49-b9e0-8370f0b1a687.jpg?v=1781498735","Neu & versandbereit ✨ Sonnenbrille «Riviera» – Schwiizer Shop, schweizwiit Versand (gratis ab CHF 65), 30 Täg Rückgab. 👉 luxestyle.ch · -10% mit Code WELCOME10"
"Herren-Set «Costa»",59.90,"Mode & Accessoires","6003 Luzern","https://cdn.shopify.com/s/files/1/0943/6856/3585/files/6d3dddef-f807-44ac-9758-37c07591fe4c.jpg?v=1780944994","Neu & versandbereit ✨ Herren-Set «Costa» – Schwiizer Shop, schweizwiit Versand (gratis ab CHF 65), 30 Täg Rückgab. 👉 luxestyle.ch · -10% mit Code WELCOME10"
"Statement-Ohrringe «Onyx»",29.90,"Schmuck & Uhren","3123 Belp","https://cdn.shopify.com/s/files/1/0943/6856/3585/files/bc5926c2-ee69-4dff-842b-271f3e176766.jpg?v=1780945950","Neu & versandbereit ✨ Statement-Ohrringe «Onyx» – Schwiizer Shop, schweizwiit Versand (gratis ab CHF 65), 30 Täg Rückgab. 👉 luxestyle.ch · -10% mit Code WELCOME10"
"Plateau-Sneaker «Cloud»",39.90,"Mode & Accessoires","3011 Bern","https://cdn.shopify.com/s/files/1/0943/6856/3585/files/6d900035-347b-406c-8469-181668807d25.jpg?v=1780939378","Neu & versandbereit ✨ Plateau-Sneaker «Cloud» – Schwiizer Shop, schweizwiit Versand (gratis ab CHF 65), 30 Täg Rückgab. 👉 luxestyle.ch · -10% mit Code WELCOME10"
"Stroh-Shopper «Capri»",19.90,"Mode & Accessoires","8001 Zürich","https://cdn.shopify.com/s/files/1/0943/6856/3585/files/5265cfc5-4cdb-4f6a-b42b-a1c1c6747730.jpg?v=1781498749","Neu & versandbereit ✨ Stroh-Shopper «Capri» – Schwiizer Shop, schweizwiit Versand (gratis ab CHF 65), 30 Täg Rückgab. 👉 luxestyle.ch · -10% mit Code WELCOME10"
"3D Gesichtsroller",12.90,"Beauty & Gesundheit","4001 Basel","https://cdn.shopify.com/s/files/1/0943/6856/3585/files/faf1f652-d875-4756-8151-c68fcce5ea7f.jpg?v=1781495561","Neu & versandbereit ✨ 3D Gesichtsroller – Schwiizer Shop, schweizwiit Versand (gratis ab CHF 65), 30 Täg Rückgab. 👉 luxestyle.ch · -10% mit Code WELCOME10"
"Leinen-Set «Lino»",59.90,"Mode & Accessoires","6003 Luzern","https://cdn.shopify.com/s/files/1/0943/6856/3585/files/19a35734-aee3-4996-99ec-d9ce9d725eef.jpg?v=1780945369","Neu & versandbereit ✨ Leinen-Set «Lino» – Schwiizer Shop, schweizwiit Versand (gratis ab CHF 65), 30 Täg Rückgab. 👉 luxestyle.ch · -10% mit Code WELCOME10"
"Ring-Set «Eternità»",35.90,"Schmuck & Uhren","3123 Belp","https://cdn.shopify.com/s/files/1/0943/6856/3585/files/c187a03f-4d8f-4dfa-ba22-3da52050644c.jpg?v=1781495425","Neu & versandbereit ✨ Ring-Set «Eternità» – Schwiizer Shop, schweizwiit Versand (gratis ab CHF 65), 30 Täg Rückgab. 👉 luxestyle.ch · -10% mit Code WELCOME10"
"Filzhut «Montana»",12.90,"Mode & Accessoires","3011 Bern","https://cdn.shopify.com/s/files/1/0943/6856/3585/files/8725900e-5255-453d-bc8b-946f63461933.jpg?v=1781495538","Neu & versandbereit ✨ Filzhut «Montana» – Schwiizer Shop, schweizwiit Versand (gratis ab CHF 65), 30 Täg Rückgab. 👉 luxestyle.ch · -10% mit Code WELCOME10"
"Crossbody «Lido»",12.90,"Mode & Accessoires","8001 Zürich","https://cdn.shopify.com/s/files/1/0943/6856/3585/files/ffd154c1-3d29-49c2-b507-e5b21cd1a225.jpg?v=1781498763","Neu & versandbereit ✨ Crossbody «Lido» – Schwiizer Shop, schweizwiit Versand (gratis ab CHF 65), 30 Täg Rückgab. 👉 luxestyle.ch · -10% mit Code WELCOME10"
"Herren-Strickhemd «Amalfi»",44.90,"Mode & Accessoires","4001 Basel","https://cdn.shopify.com/s/files/1/0943/6856/3585/files/45240fe2-82b9-41d4-aecb-fac1e15da55c.jpg?v=1780944045","Neu & versandbereit ✨ Herren-Strickhemd «Amalfi» – Schwiizer Shop, schweizwiit Versand (gratis ab CHF 65), 30 Täg Rückgab. 👉 luxestyle.ch · -10% mit Code WELCOME10"
"Armkette «Papillon»",51.90,"Schmuck & Uhren","6003 Luzern","https://cdn.shopify.com/s/files/1/0943/6856/3585/files/1f58fc7c-1aba-4332-9df0-96b825528613.jpg?v=1781495373","Neu & versandbereit ✨ Armkette «Papillon» – Schwiizer Shop, schweizwiit Versand (gratis ab CHF 65), 30 Täg Rückgab. 👉 luxestyle.ch · -10% mit Code WELCOME10"
"Seidenschal «Lyon»",12.90,"Mode & Accessoires","3123 Belp","https://cdn.shopify.com/s/files/1/0943/6856/3585/files/32861c38-617e-4458-8226-5b2c4db04833.jpg?v=1781495475","Neu & versandbereit ✨ Seidenschal «Lyon» – Schwiizer Shop, schweizwiit Versand (gratis ab CHF 65), 30 Täg Rückgab. 👉 luxestyle.ch · -10% mit Code WELCOME10"
"Stiletto-Sandalette «Gala»",54.90,"Mode & Accessoires","3011 Bern","https://cdn.shopify.com/s/files/1/0943/6856/3585/files/7bf5ab15-c1f2-4d08-8f90-d80f0ffcab79.jpg?v=1780945950","Neu & versandbereit ✨ Stiletto-Sandalette «Gala» – Schwiizer Shop, schweizwiit Versand (gratis ab CHF 65), 30 Täg Rückgab. 👉 luxestyle.ch · -10% mit Code WELCOME10"
"Mini-Tasche «Perla»",12.90,"Mode & Accessoires","8001 Zürich","https://cdn.shopify.com/s/files/1/0943/6856/3585/files/f862730b-a432-4006-b9cd-8b818cc127c4.jpg?v=1781498787","Neu & versandbereit ✨ Mini-Tasche «Perla» – Schwiizer Shop, schweizwiit Versand (gratis ab CHF 65), 30 Täg Rückgab. 👉 luxestyle.ch · -10% mit Code WELCOME10"
"Zirkonia-Kette «Stella»",39.90,"Schmuck & Uhren","4001 Basel","https://cdn.shopify.com/s/files/1/0943/6856/3585/files/58e9722c-2090-494a-9c55-985b92e6185b.jpg?v=1780945390","Neu & versandbereit ✨ Zirkonia-Kette «Stella» – Schwiizer Shop, schweizwiit Versand (gratis ab CHF 65), 30 Täg Rückgab. 👉 luxestyle.ch · -10% mit Code WELCOME10"
"Silber-Armreif «Serpent»",34.90,"Schmuck & Uhren","6003 Luzern","https://cdn.shopify.com/s/files/1/0943/6856/3585/files/10a3772d-1bb3-4aab-afb2-ef78b89c8377.jpg?v=1780902401","Neu & versandbereit ✨ Silber-Armreif «Serpent» – Schwiizer Shop, schweizwiit Versand (gratis ab CHF 65), 30 Täg Rückgab. 👉 luxestyle.ch · -10% mit Code WELCOME10"
"Chiffon-Stola «Soirée»",12.90,"Mode & Accessoires","3123 Belp","https://cdn.shopify.com/s/files/1/0943/6856/3585/files/f54714f7-7bd7-46b2-a90a-d3d2ec8ffd1c.jpg?v=1781495527","Neu & versandbereit ✨ Chiffon-Stola «Soirée» – Schwiizer Shop, schweizwiit Versand (gratis ab CHF 65), 30 Täg Rückgab. 👉 luxestyle.ch · -10% mit Code WELCOME10"
