zeit	art	ziel	feld	alt	neu	status
2026-10-05T08:56Z	produkt-titel	leichter-wintermantel-aus-baumwolle-630500	title	"""Leichter Wintermantel aus Baumwolle"""	"""Leichte Kinderjacke mit Stehkragen und Druckknöpfen, Gr. 110–180"""	ok
2026-10-05T08:56Z	produkt-seo	leichter-wintermantel-aus-baumwolle-630500	seo	"{""title"": ""Leichter Wintermantel aus Baumwolle | LuxeStyle CH"", ""description"": ""Für kühle Wintertage hält dieser Mantel aus Polyester dich angenehm warm.""}"	"{""title"": ""Leichte Kinderjacke Gr. 110–180, 4 Farben | LuxeStyle"", ""description"": ""Leichte Kinderjacke mit Stehkragen und Druckknöpfen, Polyester, Gr. 110–180 in Grau, Helllila, Pink und Schwarz. Gratisversand ab CHF 50, TWINT & Klarna.""}"	ok
2026-10-05T08:56Z	produkt-typ-tags	leichter-wintermantel-aus-baumwolle-630500	productType+tags	"{""productType"": ""Damenmode"", ""tags"": [""cj-real"", ""damen"", ""dropship"", ""herbst"", ""kat-winterjacken"", ""mantel"", ""mode"", ""neuheit"", ""winter""]}"	"{""productType"": ""Baby & Kinder"", ""tags"": [""cj-real"", ""dropship"", ""herbst"", ""jacke"", ""kinder"", ""mode"", ""neuheit""]}"	ok
2026-10-05T08:56Z	produkt-text	leichter-wintermantel-aus-baumwolle-630500	descriptionHtml	"""<p>Für kühle Wintertage hält dieser Mantel aus Polyester dich angenehm warm. Er ist in den Grössen 110 bis 180 erhältlich und verfügt über ein Futter aus 85 % Polyester.</p><h3>Das zeichnet es aus</h3><ul>\n<li>Einfarbiger Stoff</li>\n<li>Verschluss: Einreihig</li>\n<li>Ohne Kapuze</li>\n<li>Unisex-Design</li>\n</ul>\n<div class=\""ls-produktdetails\"">\n<h4>Produktdetails</h4>\n<ul>\n<li>\n<strong>Gewicht:</strong> ca. 240 g – 310 g (je nach Variante)</li>\n<li>\n<strong>Muster:</strong> Uni</li>\n<li>\n<strong>Stoffdicke:</strong> dünn</li>\n</ul>\n</div>\n<div style=\""background:#f7faf7;border:1px solid #d9e7d9;border-radius:10px;padding:11px 14px;margin:12px 0;font-size:14px;line-height:1.5;\"">\n<strong>🛡️ Sorglos shoppen:</strong> ✅ Geprüfte Angaben · 🚚 Lieferung 10–20 Werktage · 🔄 30 Tage Rückgabe · 🇨🇭 Schweizer Shop · 💳 TWINT, Karte &amp; Klarna.</div>"""	"""<p>Diese leichte Kinderjacke aus Polyester ist für Herbst und Übergangstage gedacht. Er ist in den Grössen 110 bis 180 erhältlich und verfügt über ein Futter aus 85 % Polyester.</p><h3>Das zeichnet es aus</h3><ul>\n<li>Einfarbiger Stoff</li>\n<li>Verschluss: Einreihig</li>\n<li>Ohne Kapuze</li>\n<li>Unisex-Design</li>\n</ul>\n<div class=\""ls-produktdetails\"">\n<h4>Produktdetails</h4>\n<ul>\n<li>\n<strong>Gewicht:</strong> ca. 240 g – 310 g (je nach Variante)</li>\n<li>\n<strong>Muster:</strong> Uni</li>\n<li>\n<strong>Stoffdicke:</strong> dünn</li>\n</ul>\n</div>\n<div style=\""background:#f7faf7;border:1px solid #d9e7d9;border-radius:10px;padding:11px 14px;margin:12px 0;font-size:14px;line-height:1.5;\"">\n<strong>🛡️ Sorglos shoppen:</strong> ✅ Geprüfte Angaben · 🚚 Lieferung 10–20 Werktage · 🔄 30 Tage Rückgabe · 🇨🇭 Schweizer Shop · 💳 TWINT, Karte &amp; Klarna.</div>"""	ok
2026-10-05T08:58Z	produkt-seo-zahlen	mini-finger-skateboard-brucke-643400	seo	"{""title"": ""Fingerskateboard-Achsen 34 mm · 2 Trucks | LuxeStyle"", ""description"": ""Ein Paar Fingerskateboard-Achsen (Trucks) in 34 mm aus Metall, sechs Farben – ohne Deck und Rollen. Gratisversand ab CHF 50, TWINT & Klarna.""}"	"{""title"": ""Fingerskateboard-Achsen 34 mm · 2 Trucks | LuxeStyle"", ""description"": ""Ein Paar Fingerskateboard-Achsen (Trucks) in 34 mm aus Metall, sieben Farben – ohne Deck und Rollen. Gratisversand ab CHF 50, TWINT & Klarna.""}"	ok
2026-10-05T08:58Z	produkt-seo-zahlen	camping-automatik-airbett-faltbar-635300	seo	"{""title"": ""Luftbett mit Pumpe – Camping-Airbett faltbar | LuxeStyle"", ""description"": ""Faltbares Camping-Luftbett mit Handpumpe, Kissen, Reparaturset und Tragtasche, Einzel bis Triple, bis 150 kg. Gratisversand ab CHF 50, TWINT & Klarna.""}"	"{""title"": ""Luftbett mit Pumpe – Camping-Airbett faltbar | LuxeStyle"", ""description"": ""Faltbares Camping-Luftbett 190 × 100 × 25 cm mit Handpumpe, Kissen, Reparaturset und Tragtasche, bis 150 kg. Gratisversand ab CHF 50, TWINT & Klarna.""}"	ok
2026-10-05T08:58Z	kollektion-text	teppiche	descriptionHtml	"""<p>Ein Teppich macht aus einem Boden einen Raum: Er dämpft Schritte, hält die Füsse warm und gibt dem Zimmer einen Mittelpunkt. Hier findest du Teppiche für Wohnzimmer, Schlafzimmer, Flur und Bad – von der kleinen Badematte bis zum grossen Plüsch-Teppich fürs Sofa.</p>\n<h2>Was du hier findest</h2>\n<ul>\n<li>\n<strong>Wohnzimmer:</strong> runde und rechteckige Teppiche, Tierfell-Optik, unregelmässige Formen mit Kaschmir-Haptik.</li>\n<li>\n<strong>Schlafzimmer:</strong> weiche Plüsch-Läufer neben dem Bett, rutschfeste Unterseite.</li>\n<li>\n<strong>Bad und Küche:</strong> Badematten mit Memory-Schaum, bedruckte Küchenläufer, Fussmatten.</li>\n<li>\n<strong>Kinderzimmer:</strong> Motiv-Teppiche, leicht zu reinigen.</li>\n</ul>\n<h2>Worauf du achten kannst</h2>\n<p>Die Masse stehen auf jeder Produktseite – miss den Platz vorher aus, ein Teppich sollte unter dem Sofa oder Bett etwa 20 bis 30 cm hervorschauen. Rutschfeste Rückseiten sind bei Läufern und Badematten angegeben; die meisten Modelle sind waschbar oder lassen sich mit dem Staubsauger reinigen.</p>\n<!-- ls-verwandt --><p class=\""ls-verwandt-eltern\"">Zur Übersicht: <a href=\""/collections/wohnen-dekoration\"">Wohnen &amp; Garten</a></p><!-- /ls-verwandt -->"""	"""<p>Ein Teppich macht aus einem Boden einen Raum: Er dämpft Schritte, hält die Füsse warm und gibt dem Zimmer einen Mittelpunkt. Hier findest du Teppiche für Wohnzimmer, Schlafzimmer, Flur und Bad – von der kleinen Badematte bis zum grossen Plüsch-Teppich fürs Sofa.</p>\n<h2>Was du hier findest</h2>\n<ul>\n<li>\n<strong>Wohnzimmer:</strong> runde und rechteckige Teppiche, Tierfell-Optik, unregelmässige Formen mit Kaschmir-Haptik.</li>\n<li>\n<strong>Schlafzimmer:</strong> weiche Plüsch-Läufer neben dem Bett, rutschfeste Unterseite.</li>\n<li>\n<strong>Bad und Küche:</strong> Badematten mit Memory-Schaum, bedruckte Küchenläufer.</li>\n<li>\n<strong>Kinderzimmer:</strong> Motiv-Teppiche, leicht zu reinigen.</li>\n</ul>\n<h2>Worauf du achten kannst</h2>\n<p>Die Masse stehen auf jeder Produktseite – miss den Platz vorher aus, ein Teppich sollte unter dem Sofa oder Bett etwa 20 bis 30 cm hervorschauen. Rutschfeste Rückseiten sind bei Läufern und Badematten angegeben; die meisten Modelle sind waschbar oder lassen sich mit dem Staubsauger reinigen.</p>\n<!-- ls-verwandt --><p class=\""ls-verwandt-eltern\"">Zur Übersicht: <a href=\""/collections/wohnen-dekoration\"">Wohnen &amp; Garten</a></p><!-- /ls-verwandt -->"""	ok
2026-10-05T08:59Z	produkt-typ-tags	fussgelenkstutze-616900	productType+tags	"{""productType"": ""Aufbewahrung & Organizer"", ""tags"": [""aufbewahrung"", ""bild-ok"", ""bildmass-ok-0906"", ""cj-real"", ""dropship"", ""fussgelenkstuetze"", ""haushalt"", ""organizer"", ""rueckhol-0907"", ""wohnen""]}"	"{""productType"": ""Sport & Outdoor"", ""tags"": [""bandage"", ""bild-ok"", ""bildmass-ok-0906"", ""cj-real"", ""dropship"", ""fitness"", ""fussgelenkstuetze"", ""gesundheit"", ""rueckhol-0907"", ""sport""]}"	ok
2026-10-05T08:59Z	produkt-typ-tags	schreibhilfe-fur-kinder-635600	productType+tags	"{""productType"": ""Baby & Kinder"", ""tags"": [""bild-ok"", ""bildmass-ok-0906"", ""cj-real"", ""dropship"", ""kat-kinder-baby"", ""neu"", ""rueckhol-0907"", ""trend"", ""video-hit"", ""viral""]}"	"{""productType"": ""Baby & Kinder"", ""tags"": [""bild-ok"", ""bildmass-ok-0906"", ""buero"", ""cj-real"", ""dropship"", ""kat-kinder-baby"", ""neu"", ""rueckhol-0907"", ""schule-buero"", ""trend"", ""video-hit"", ""viral""]}"	ok
2026-10-05T08:59Z	produkt-typ-tags	elegantes-sommerkleid-mit-spaghetti-tragern-608800	productType+tags	"{""productType"": ""Damenmode"", ""tags"": [""bild-ok"", ""bildmass-ok-0906"", ""cj-real"", ""damen"", ""dropship"", ""kleid"", ""kleider"", ""mode"", ""rueckhol-0907"", ""traegern""]}"	"{""productType"": ""Damenmode"", ""tags"": [""bild-ok"", ""bildmass-ok-0906"", ""cj-real"", ""damen"", ""dropship"", ""kategorie-kleid"", ""kleid"", ""kleider"", ""mode"", ""rueckhol-0907"", ""traegern""]}"	ok
