2026-10-02	kratzbaeume	katzenbaum	Kratzbaum kaufen | LuxeStyle Schweiz	Kratzbaum online kaufen: Kratzbretter bis grosse Kletterbäume mit Sisal und Höhle bei LuxeStyle Schweiz. Gratis-Versand ab CHF 50, 30 Tage Rückgabe.	Katzenbaum & Kratzbaum für Katzen | LuxeStyle	ok
2026-10-02	weihnachten-2026	weihnachtsdeko	Weihnachten: Deko, Geschenke & Festliches | LuxeStyle	Weihnachtsgeschenke 2026 bei LuxeStyle Schweiz: kuratierte Geschenkideen für die Liebsten, schön verpackt. -10% mit Code WELCOME10.	Weihnachtsdeko, Weihnachtspyjamas & Geschenke | LuxeStyle	ok
2026-10-02	kissen-wohntextilien	kissen	Zierkissen, Vorhänge & Wohntextilien kaufen | LuxeStyle	Zierkissen, Kissenbezüge, Überwürfe und Vorhänge für ein gemütliches Zuhause bei LuxeStyle Schweiz. Gratis-Versand ab CHF 50, 30 Tage Rückgabe.	Kissen, Kissenbezüge & Vorhänge | LuxeStyle	ok
2026-10-02	sub-wander-arbeitsschuhe	wanderschuhe	Wander- & Arbeitsschuhe kaufen | LuxeStyle Schweiz	Wander- & Arbeitsschuhe online kaufen: grosse Auswahl, Gratis-Versand ab CHF 50.	Wanderschuhe, Arbeitsschuhe & Sicherheitsschuhe | LuxeStyle	ok
2026-10-02	kostueme-fasnacht	fasnachtskostüme	🎭 Kostüme & Fasnacht | LuxeStyle	Kostüme & Verkleidung aus Schweizer Lager — Fasnacht, Halloween, Motto-Partys. Schnelle CH-Lieferung 1–2 Tage.	Fasnachtskostüme: Kostüme, Perücken & Masken | LuxeStyle	ok
2026-10-02	suesses-esswaren	süssigkeiten	Süsses & Esswaren ab Schweizer Lager | LuxeStyle	Bonbons, Kaugummi, Lollipops und Wurfmaterial für Fasnacht, Feste und Kindergeburtstage – ab Schweizer Lager in 1–2 Werktagen.	Süssigkeiten: Kaugummi, Fruchtgummi & Bonbons | LuxeStyle	ok
2026-10-02	sub-laufschuhe	laufschuhe	Lauf- & Sportschuhe kaufen | LuxeStyle Schweiz	Lauf- & Sportschuhe online kaufen: grosse Auswahl, Gratis-Versand ab CHF 50.	Laufschuhe, Sportschuhe & Sneaker | LuxeStyle	ok
2026-10-02	damen-strick-pullover	pullover damen	Damen-Pullover, Strick & Hoodies | LuxeStyle	Pullover, Strickpullis & Hoodies für Damen bei LuxeStyle. Kuschelig-weiche Styles für jede Saison. Versandkostenfrei ab CHF 50.	Pullover Damen: Strickpullover & Kapuzenpullover | LuxeStyle	ok
2026-10-02	sub-bart-rasur	rasierer	Bart & Rasur kaufen | LuxeStyle Schweiz	Bart & Rasur online kaufen bei LuxeStyle: grosse Auswahl, Gratis-Versand ab CHF 50, 30 Tage Rückgabe, Lieferzeit auf jeder Produktseite.	Rasierer, Rasierhobel & Bartpflege | LuxeStyle	ok
2026-10-02	sub-armbaender	armband	Armbänder für Damen – Edelstahl, Gold & Silber | LuxeStyle CH	Armbänder online kaufen in der Schweiz: Charm-Armbänder, Armreifen & zarte Kettchen aus Edelstahl, teils wasserfest. Gratis-Versand ab CHF 50.	Armband Damen: Armreifen & Perlenarmbänder | LuxeStyle	ok
2026-10-02	kuschel-heizdecken	kuscheldecke	Kuschel- & Heizdecken kaufen | Elektrische Wärmedecken	Kuschelige Wolldecken & elektrische Heizdecken von Beurer, Medisana & Co. Wohlige Wärme fürs Sofa und Bett. Schweizer Shop · Gratis-Versand ab CHF 50.	Kuscheldecke & Heizdecke fürs Sofa | LuxeStyle	ok
2026-10-02	damen-schuhe	schuhe damen	Damen-Schuhe kaufen – Sneaker, Sandalen, Pumps & Stiefel	Damen-Schuhe bei LuxeStyle Schweiz: Sandalen, Sneaker, Pumps, Loafer & Stiefel für Alltag, Abend und kühle Tage. Gratis-Versand ab CHF 50.	Schuhe Damen: Sandalen, Pumps & Boots | LuxeStyle	ok
2026-10-02	damen-jacken-maentel	jacken damen	Damen-Jacken & Mäntel online kaufen | LuxeStyle	Jacken, Mäntel, Blazer & Cardigans für Damen bei LuxeStyle. Elegante & lässige Styles für jede Saison. Versandkostenfrei ab CHF 50.	Jacken Damen: Mäntel, Steppjacken & Cardigans | LuxeStyle	ok
2026-10-02	damen-blusen	blusen damen	Damen-Blusen & Tops kaufen | LuxeStyle Schweiz	Damen-Blusen & Tops online kaufen bei LuxeStyle: grosse Auswahl, Gratis-Versand ab CHF 50, 30 Tage Rückgabe, Lieferzeit auf jeder Produktseite.	Blusen Damen: Langarmblusen & Hemdblusenkleider | LuxeStyle	ok
2026-10-02	sub-halsketten	halskette damen	Halsketten für Damen – Edelstahl & vergoldet | LuxeStyle Schweiz	Halsketten online kaufen in der Schweiz: feine Ketten, Anhänger & Statement-Ketten aus Edelstahl, teils wasserfest & anlauffrei. Gratis-Versand ab CHF 50.	Halskette Damen: Anhänger & Perlenketten | LuxeStyle	ok
2026-10-02	herren-pullover	pullover herren	Herren-Pullover & Strick online kaufen | LuxeStyle	Herren-Pullover, Strick & Sweatshirts bei LuxeStyle. Rundhals, Half-Zip & Cardigan aus Baumwolle. Top-Marken, faire Preise, Versand ab CHF 50 gratis.	Pullover Herren: Strickpullover & Cardigans | LuxeStyle	ok
2026-10-02	haushaltsgeraete	küchengeräte	Haushaltsgeräte kaufen | LuxeStyle Schweiz	Haushaltsgeräte online kaufen in der Schweiz: grosse Auswahl, Gratis-Versand ab CHF 50, 30 Tage Rückgabe.	Küchengeräte: Mixer, Entsafter & Fritteusen | LuxeStyle	ok
2026-10-02	sub-reise	reiserucksack	Reise & Outdoor kaufen | LuxeStyle Schweiz	Reise & Outdoor online kaufen bei LuxeStyle: grosse Auswahl, Gratis-Versand ab CHF 50, 30 Tage Rückgabe, Lieferzeit auf jeder Produktseite.	Reiserucksack, Reisetasche & Reisezubehör | LuxeStyle	ok
2026-10-02	camping-outdoor	camping zubehör	Camping & Outdoor kaufen – Kühltaschen & Camping-Tisch	Camping & Outdoor-Ausrüstung bei LuxeStyle Schweiz: Klapptische, Kühltaschen, Outdoor-Licht & Camping-Küche. Gratis-Versand ab CHF 50, 30 Tage Rückgabe.	Camping-Zubehör: Kocher, Tische & Laternen | LuxeStyle	ok
2026-10-02	herren-jacken	jacken herren	Herren-Jacken & Hoodies online kaufen | LuxeStyle	Herren-Jacken, Hoodies, Mäntel & Cardigans bei LuxeStyle. Outdoor, sportlich & casual. Top-Marken, faire Preise, Versand ab CHF 50 gratis.	Jacken Herren: Hoodies, Cardigans & Mäntel | LuxeStyle	ok
2026-10-02	tier-leinen-kleidung	hundeleine	Leinen, Geschirre & Tierkleidung kaufen | LuxeStyle Schweiz	Leinen, Halsbänder, Geschirre und wetterfeste Kleidung für Hunde und Katzen — sicher und bequem unterwegs.	Hundeleine, Halsband, Geschirr & Hundekleidung | LuxeStyle	ok
2026-10-02	waerme-komfort	wärmekissen	Wärme & Komfort kaufen | LuxeStyle Schweiz	Wärme & Komfort online kaufen bei LuxeStyle: grosse Auswahl, Gratis-Versand ab CHF 50, 30 Tage Rückgabe, Lieferzeit auf jeder Produktseite.	Wärmekissen, Heizkissen & Handwärmer | LuxeStyle	ok
2026-10-02	damen-hosen	hosen damen	Damen-Hosen kaufen | LuxeStyle Schweiz	Damen-Hosen online kaufen bei LuxeStyle: grosse Auswahl, Gratis-Versand ab CHF 50, 30 Tage Rückgabe, Lieferzeit auf jeder Produktseite.	Hosen Damen: Wide-Leg-Hosen & High-Waist-Hosen | LuxeStyle	ok
2026-10-02	herren-hemden	hemden herren	Herren-Hemden & Leinenhemden kaufen | LuxeStyle Schweiz	Herren-Hemden bei LuxeStyle Schweiz: Leinenhemden, Sommerhemden und Businesshemden für Freizeit und Büro. Gratis-Versand ab CHF 50, 30 Tage Rückgabe.	Hemden Herren: Kurzarmhemden & Langarmhemden | LuxeStyle	ok
2026-10-02	sub-kueche	küchenutensilien	Küche & Kochen kaufen | LuxeStyle Schweiz	Küche & Kochen online kaufen bei LuxeStyle: grosse Auswahl, Gratis-Versand ab CHF 50, 30 Tage Rückgabe, Lieferzeit auf jeder Produktseite.	Küchenutensilien: Pfannen, Backformen & Teller | LuxeStyle	ok
2026-10-02	auto-kfz-zubehoer	auto zubehör	Auto & KFZ-Zubehör online kaufen | LuxeStyle Schweiz	Auto- & KFZ-Zubehör bei LuxeStyle: Pflege, Reinigung, Dashcams, Handyhalter, Kofferraum-Organizer, Sitzbezüge & Kompressoren. Lieferung in die Schweiz.	Auto-Zubehör: Lenkradbezüge, Sitzkissen & Pflege | LuxeStyle	ok
2026-10-02	fitness-training	fitnessgeräte	Fitness & Training kaufen | LuxeStyle Schweiz	Fitness & Training online kaufen bei LuxeStyle: grosse Auswahl, Gratis-Versand ab CHF 50, 30 Tage Rückgabe, Lieferzeit auf jeder Produktseite.	Fitnessgeräte: Bauchroller, Springseile & Bänder | LuxeStyle	ok
2026-10-02	fur-ihn	herrenmode	Herren-Mode kaufen | LuxeStyle Schweiz	Herren-Mode bei LuxeStyle – Schweizer Online-Shop. Gratis-Versand ab CHF 50, 30 Tage Rückgabe, −10% mit Code WELCOME10.	Herrenmode: Shirts, Hemden, Pullover & Schuhe | LuxeStyle	ok
2026-10-02	herren-shirts	t-shirt herren	Herren-Shirts & Tops kaufen | LuxeStyle Schweiz	Herren-Shirts & Tops online kaufen bei LuxeStyle: grosse Auswahl, Gratis-Versand ab CHF 50, 30 Tage Rückgabe, Lieferzeit auf jeder Produktseite.	T-Shirt Herren: Poloshirts & Langarmshirts | LuxeStyle	ok
2026-10-02	wanddeko	wanddekoration	Wanddeko kaufen | LuxeStyle Schweiz	Wanddeko online kaufen: Wandbilder, Wandtattoos und Wandbehänge für Wohnzimmer, Flur und Schlafzimmer bei LuxeStyle Schweiz. Gratis-Versand ab CHF 50.	Wanddekoration: Leinwandbilder & Wandbehänge | LuxeStyle	ok
2026-10-02	herren-hosen	hosen herren	Herren-Hosen – Leinen-, Stoff- & Cordhosen | LuxeStyle CH	Herren-Hosen bei LuxeStyle Schweiz: Leinen-, Stoff- & Cordhosen, locker & bequem. Schnelle Lieferung, 30 Tage Rückgabe, −10% mit WELCOME10.	Hosen Herren: Cargohosen, Freizeithosen & Jeans | LuxeStyle	ok
2026-10-02	handy-zubehoer	handyzubehör	Handy-Zubehör kaufen | LuxeStyle Schweiz	Handy-Zubehör online kaufen bei LuxeStyle: grosse Auswahl, Gratis-Versand ab CHF 50, 30 Tage Rückgabe, Lieferzeit auf jeder Produktseite.	Handyzubehör: Ladegeräte, Powerbanks & Halter | LuxeStyle	ok
2026-10-02	erste-august	schweizer souvenirs	Schweizer Editionen kaufen | LuxeStyle	Schweizer Editionen bei LuxeStyle – Schweizer Online-Shop. Gratis-Versand ab CHF 50, 30 Tage Rückgabe, −10% mit Code WELCOME10.	Schweizer Souvenirs: Tassen, Taschen & T-Shirts | LuxeStyle	ok
2026-10-02	party-deko-ch	party deko	🎉 Party & Deko | LuxeStyle	Partyartikel, Ballone & Dekoration für jeden Anlass. Aus der Schweiz, 1–2 Tage.	Party-Deko: Luftballons, Girlanden & Festdeko | LuxeStyle	ok
2026-10-02	damen-mode	damenmode	Damen-Mode kaufen | LuxeStyle Schweiz	Damen-Mode bei LuxeStyle – Schweizer Online-Shop. Gratis-Versand ab CHF 50, 30 Tage Rückgabe, −10% mit Code WELCOME10.	Damenmode: Blusen, Kleider, Schuhe & Taschen | LuxeStyle	ok
2026-10-02	hautpflege-skincare	skincare produkte	Hautpflege & Skincare kaufen | LuxeStyle Schweiz	Hautpflege & Skincare online kaufen bei LuxeStyle: grosse Auswahl, Gratis-Versand ab CHF 50, 30 Tage Rückgabe, Lieferzeit auf jeder Produktseite.	Skincare-Produkte: Cremes, Masken & Pflege-Sets | LuxeStyle	ok
2026-10-02	schmuck-sets	schmuckset damen	Schmuck-Sets kaufen | LuxeStyle Schweiz	Schmuck-Sets mit Kette und Ohrringen, Geschenkbundles und Uhren-Sets — liebevoll zusammengestellte Kombinationen, auch in 925er Silber.	Schmuckset Damen: Ring-Sets & Armband-Sets | LuxeStyle	ok
2026-10-02	naegel-manikuere	nägel zum aufkleben	Nägel & Maniküre online kaufen – Nagellampen, Press-on & Gel	Nägel & Maniküre bei LuxeStyle Schweiz: UV-/LED-Nagellampen, Press-on-Nails, Polygel-Kits, Marken-Nagellack & Nagelpflege. Gratis-Versand ab CHF 50.	Nägel zum Aufkleben, Nagelsticker & Maniküre-Set | LuxeStyle	ok
2026-10-02	gaming	gaming zubehör	Gaming kaufen | LuxeStyle Schweiz	Gaming online kaufen bei LuxeStyle: grosse Auswahl, Gratis-Versand ab CHF 50, 30 Tage Rückgabe, Lieferzeit auf jeder Produktseite.	Gaming-Zubehör: Controller, Gamepads & Konsolen | LuxeStyle	ok
2026-10-02	wandern-trekking	wanderausrüstung	Wandern & Trekking | LuxeStyle CH	Ausrüstung für Berg und Trail: Wanderstöcke, Rucksäcke, Stirnlampen, Schlafsäcke und mehr.	Wanderausrüstung: Rucksäcke & Stirnlampen | LuxeStyle	ok
2026-10-02	basteln-diy	bastelbedarf	Basteln & DIY kaufen | LuxeStyle Schweiz	Basteln & DIY online kaufen bei LuxeStyle: grosse Auswahl, Gratis-Versand ab CHF 50, 30 Tage Rückgabe, Lieferzeit auf jeder Produktseite.	Bastelbedarf: Diamond Painting & Stick-Sets | LuxeStyle	ok
2026-10-02	sub-yoga-fitness	yoga zubehör	Yoga & Fitness kaufen | LuxeStyle Schweiz	Yoga & Fitness online kaufen bei LuxeStyle: grosse Auswahl, Gratis-Versand ab CHF 50, 30 Tage Rückgabe, Lieferzeit auf jeder Produktseite.	Yoga-Zubehör: Yogamatten, Bänder & Faszienbälle | LuxeStyle	ok
2026-10-02	beauty-pflege	beauty produkte	Beauty & Pflege kaufen | LuxeStyle Schweiz	Beauty, Pflege & Wellness online kaufen bei LuxeStyle: Gua Sha, Roller, Hautpflege & mehr. Gratis-Versand ab CHF 50, 30 Tage Rückgabe, schnelle CH-Lieferung.	Beauty-Produkte: Make-up, Nägel & Hautpflege | LuxeStyle	ok
2026-10-02	sub-deko	dekoartikel	Vasen & Deko kaufen | LuxeStyle Schweiz	Vasen & Deko online kaufen bei LuxeStyle: grosse Auswahl, Gratis-Versand ab CHF 50, 30 Tage Rückgabe, Lieferzeit auf jeder Produktseite.	Dekoartikel: Vasen, Dekofiguren & Dekokissen | LuxeStyle	ok
2026-10-02	pc-homeoffice	pc zubehör	PC & Homeoffice-Zubehör | LuxeStyle Schweiz	PC- & Homeoffice-Zubehör: Mäuse, Tastaturen, Mauspads, Monitor-Licht. Schweizer Onlineshop, Gratisversand ab CHF 50.	PC-Zubehör: Tastaturen, Mäuse & Mauspads | LuxeStyle	ok
2026-10-02	herbst-favoriten	herbstmode	Herbst-Favoriten: Strick, Hoodies & Boots | LuxeStyle	Herbst-Favoriten für die Schweiz: Hoodies, Strick, Übergangsjacken, Boots, Kerzen und Kuscheldecken. Gratis-Versand ab CHF 50, 30 Tage Rückgabe.	Herbstmode: Hoodies, Strick, Jacken & Stiefel | LuxeStyle	ok
