Datum,Zeit,Netzwerke,Produkt,Text,Hashtags,Bild-URL,Link
2026-09-25,18:00,Instagram;Facebook;Threads,Gua-Sha-Set «Jade»,"Dein Abend-Ritual: «Jade» Gua-Sha-Set mit Rosehip-Öl. Kühlt, strafft, entspannt – in 5 Minuten. Nur CHF 34.90 · Gratis-Versand ab CHF 50.","#guasha #skincare #beautyroutine #selfcare #luxestyle #swissshop",https://cdn.shopify.com/s/files/1/0943/6856/3585/files/a083eb57-fe88-4722-9860-1de863c00b06.jpg?v=1780949914,https://luxestyle.ch/products/gua-sha-set-jade-massage-tool-rosehip-ol
2026-09-26,18:00,Instagram;Facebook;Threads,Herren-Sneaker «Marco»,"Retro-Trainer in Leder-Optik, die zu allem passen. «Marco» – clean, bequem, jeden Tag. CHF 54.90 · Gratis-Versand ab CHF 50.","#herrenschuhe #sneaker #menstyle #ootdmen #luxestyle #swissstyle",https://cdn.shopify.com/s/files/1/0943/6856/3585/files/8769b498-4e79-4900-bde6-9d7316ed91a3.jpg?v=1780939727,https://luxestyle.ch/products/herren-sneaker-marco-leder-optik-retro-trainer
2026-09-27,18:00,Instagram;Facebook;Threads,Statement-Ohrringe «Onyx»,"Ein Detail, das den ganzen Look trägt. «Onyx» – geometrisch, schwarz, elegant. CHF 29.90 · Gratis-Versand ab CHF 50.","#ohrringe #statementjewelry #schmuck #accessoires #luxestyle #geschenkidee",https://cdn.shopify.com/s/files/1/0943/6856/3585/files/6fbe13b6-8b96-48de-b393-7f7c7cb7e3eb.jpg?v=1780945953,https://luxestyle.ch/products/statement-ohrringe-onyx-geometrisch-schwarz
2026-09-28,18:00,Instagram;Facebook;Threads,Stiletto-Sandalette «Gala»,"Für den grossen Auftritt: «Gala» in Violett mit Knöchelriemen. CHF 54.90 · Gratis-Versand ab CHF 50.","#heels #sandalen #partylook #damenschuhe #luxestyle #ootd",https://cdn.shopify.com/s/files/1/0943/6856/3585/files/7bf5ab15-c1f2-4d08-8f90-d80f0ffcab79.jpg?v=1780945950,https://luxestyle.ch/products/stiletto-sandalette-gala-violett-knochelriemen
2026-09-29,18:00,Instagram;Facebook;Threads,Herren-Set «Costa»,"Kapuzen-Shirt + Jogger im abgestimmten Set. «Costa» – entspannt und clean. CHF 59.90 · Gratis-Versand ab CHF 50.","#herrenmode #loungewear #menstyle #comfyfit #luxestyle #swissshop",https://cdn.shopify.com/s/files/1/0943/6856/3585/files/6d3dddef-f807-44ac-9758-37c07591fe4c.jpg?v=1780944994,https://luxestyle.ch/products/herren-set-costa-kapuzen-shirt-jogger
2026-09-30,18:00,Instagram;Facebook;Threads,Zirkonia-Kette «Stella»,"Kleeblatt-Glück am Hals: «Stella» in Silber-Optik mit Zirkonia. CHF 39.90 · Gratis-Versand ab CHF 50.","#kette #halskette #schmuck #geschenkidee #luxestyle #jewelry",https://cdn.shopify.com/s/files/1/0943/6856/3585/files/58e9722c-2090-494a-9c55-985b92e6185b.jpg?v=1780945390,https://luxestyle.ch/products/zirkonia-kette-stella-kleeblatt-anhanger-silber-optik
2026-10-01,18:00,Instagram;Facebook;Threads,Plateau-Sneaker «Cloud»,"Leicht wie eine Wolke, hoch im Trend: «Cloud» in Spitzen-Mesh. CHF 39.90 · Gratis-Versand ab CHF 50.","#sneaker #plateau #damenschuhe #ootd #luxestyle #styleinspo",https://cdn.shopify.com/s/files/1/0943/6856/3585/files/6d900035-347b-406c-8469-181668807d25.jpg?v=1780939378,https://luxestyle.ch/products/plateau-sneaker-cloud-spitzen-mesh-geschnurt
2026-10-02,18:00,Instagram;Facebook;Threads,Leinen-Set «Lino»,"Leinen, das atmet: Weste + weite Hose «Lino». Mühelos elegant. CHF 59.90 · Gratis-Versand ab CHF 50.","#leinen #twinset #sommeroutfit #damenmode #luxestyle #ootd",https://cdn.shopify.com/s/files/1/0943/6856/3585/files/19a35734-aee3-4996-99ec-d9ce9d725eef.jpg?v=1780945369,https://luxestyle.ch/products/leinen-set-lino-weste-weite-hose
2026-10-03,18:00,Instagram;Facebook;Threads,Blazer «Roma»,"Ein Blazer, tausend Looks: «Roma» tailliert mit Bindegürtel. CHF 49.90 · Gratis-Versand ab CHF 50.","#blazer #officelook #damenmode #styleinspo #luxestyle #ootd",https://cdn.shopify.com/s/files/1/0943/6856/3585/files/5ee0a6a3-63ee-4f7c-a0f8-ca7624c0437c.jpg?v=1780905339,https://luxestyle.ch/products/blazer-roma-tailliert-mit-bindegurtel-revers
2026-10-04,18:00,Instagram;Facebook;Threads,Herren-Slides «Porto»,"Cross-Strap in Wildleder-Optik: «Porto» – lässig rein, überall dabei. CHF 39.90 · Gratis-Versand ab CHF 50.","#slides #herrenschuhe #menstyle #summervibes #luxestyle #swissstyle",https://cdn.shopify.com/s/files/1/0943/6856/3585/files/4de7e77f-06df-4347-b49d-09ab36b0ee88.jpg?v=1780944896,https://luxestyle.ch/products/herren-slides-porto-cross-strap-wildleder-optik
2026-10-05,18:00,Instagram;Facebook;Threads,Silber-Armreif «Serpent»,"Schlangenschuppen-Optik in S925: «Serpent» – ein Armreif mit Haltung. CHF 34.90 · Gratis-Versand ab CHF 50.","#armreif #schmuck #silber #jewelry #luxestyle #geschenkidee",https://cdn.shopify.com/s/files/1/0943/6856/3585/files/130696eb-cc32-4c62-a399-06c7295a6b82.jpg?v=1780902400,https://luxestyle.ch/products/silber-armreif-serpent-s925-schlangenschuppen-optik
2026-10-06,18:00,Instagram;Facebook;Threads,Herren-Strickhemd «Amalfi»,"Ajour-Knit mit Camp-Kragen: «Amalfi» – die stilvolle Sommer-Alternative zum Hemd. CHF 44.90 · Gratis-Versand ab CHF 50.","#herrenmode #knitwear #menstyle #sommerlook #luxestyle #swissshop",https://cdn.shopify.com/s/files/1/0943/6856/3585/files/45240fe2-82b9-41d4-aecb-fac1e15da55c.jpg?v=1780944045,https://luxestyle.ch/products/herren-strickhemd-amalfi-ajour-knit-camp-kragen
