id,scheduled_date,image_url,title,description,link,board,status,posted_at,pin_id
pin-rated-smartwatch-pro,2026-06-13,https://cdn.shopify.com/s/files/1/0943/6856/3585/files/8e617793-8686-478b-88fd-5e68e5702df9.jpg?v=1780140943,Smartwatch Pro «AMOLED»,"Smartwatch Pro «AMOLED» · CHF 69.90 ⌚ Herzfrequenz, Fitness-Tracking & Bluetooth-Calls. ★ 5,0 (5 Bewertungen) · –10% mit Code WELCOME10 | Schweizer Online-Shop · Gratis-Versand ab CHF 65 · –10% mit Code WELCOME10. #schweiz #bern #luxestyle",https://luxestyle.ch/products/smartwatch-pro-1-78-amoled-herzfrequenz-fitness-tracker-bluetooth,,ready,,
pin-rated-gemueseschneider,2026-06-13,https://cdn.shopify.com/s/files/1/0943/6856/3585/files/a67763bb-02b6-46f2-8aa2-210216dbf6d0.png?v=1780141728,Elektrischer Gemüseschneider ,"Elektrischer Gemüseschneider · CHF 39.90 🔪 Schneiden, reiben & hobeln in Sekunden. ★ 5,0 (2 Bewertungen) · –10% mit Code WELCOME10 | Schweizer Online-Shop · Gratis-Versand ab CHF 65 · –10% mit Code WELCOME10. #schweiz #bern #luxestyle",https://luxestyle.ch/products/elektrischer-gemuseschneider-multifunktional-schneiden-reiben-hobeln,,ready,,
pin-rated-robo-ventilator,2026-06-14,https://cdn.shopify.com/s/files/1/0943/6856/3585/files/54af95a7-c314-4146-885b-78b188722d20_trans.jpg?v=1780222013,Roboter Mini-Ventilator ,"Roboter Mini-Ventilator · CHF 19.90 🤖 USB, leise, mit Digitalanzeige — cooler Begleiter für heisse Tage. ★ 5,0 (2 Bewertungen) · –10% WELCOME10 | Schweizer Online-Shop · Gratis-Versand ab CHF 65 · –10% mit Code WELCOME10. #schweiz #bern #luxestyle",https://luxestyle.ch/products/roboter-mini-ventilator-usb-tischventilator-mit-digitalanzeige-leise,,ready,,
pin-new-gala-sandalette,2026-06-14,https://cdn.shopify.com/s/files/1/0943/6856/3585/files/7bf5ab15-c1f2-4d08-8f90-d80f0ffcab79.jpg?v=1780945950,Stiletto-Sandalette «Gala»,Stiletto-Sandalette «Gala» · CHF 54.90 👠 Violett mit Knöchelriemen — dein Auftritt für laue Sommerabende. –10% mit Code WELCOME10 | Schweizer Online-Shop · Gratis-Versand ab CHF 65 · –10% mit Code WELCOME10. #schweiz #bern #luxestyle,https://luxestyle.ch/products/stiletto-sandalette-gala-violett-knochelriemen,,ready,,
pin-new-flexhold,2026-06-15,https://cdn.shopify.com/s/files/1/0943/6856/3585/files/08ccb8bf-069c-4859-b815-cb5173a3e9f5.jpg?v=1780897582,Boden-Ständer «FlexHold»,"Boden-Ständer «FlexHold» · CHF 24.90 📱 Für Handy & Tablet, höhenverstellbar — Hände frei beim Kochen, Lernen & Filmen. –10% WELCOME10 | Schweizer Online-Shop · Gratis-Versand ab CHF 65 · –10% mit Code WELCOME10. #schweiz #bern #luxestyle",https://luxestyle.ch/products/boden-stander-flexhold-fur-handy-tablet-hohenverstellbar,,ready,,
pin-new-glow-serum,2026-06-15,https://cdn.shopify.com/s/files/1/0943/6856/3585/files/6de4cd13-ce79-4c95-a35d-1d67563487a6.jpg?v=1780950381,Vitamin-C-Serum «Glow»,Vitamin-C-Serum «Glow» · CHF 19.90 ✨ Straffend & strahlend für deinen Sommer-Teint. –10% mit Code WELCOME10 | Schweizer Online-Shop · Gratis-Versand ab CHF 65 · –10% mit Code WELCOME10. #schweiz #bern #luxestyle,https://luxestyle.ch/products/vitamin-c-serum-glow-straffend-strahlend,,ready,,
pin-new-cloud-sneaker,2026-06-16,https://cdn.shopify.com/s/files/1/0943/6856/3585/files/6d900035-347b-406c-8469-181668807d25.jpg?v=1780939378,Plateau-Sneaker «Cloud»,"Plateau-Sneaker «Cloud» · CHF 39.90 ☁️ Spitzen-Mesh, geschnürt — leicht & bequem den ganzen Tag. –10% WELCOME10 | Schweizer Online-Shop · Gratis-Versand ab CHF 65 · –10% mit Code WELCOME10. #schweiz #bern #luxestyle",https://luxestyle.ch/products/plateau-sneaker-cloud-spitzen-mesh-geschnurt,,ready,,
pin-new-lino-set,2026-06-16,https://cdn.shopify.com/s/files/1/0943/6856/3585/files/19a35734-aee3-4996-99ec-d9ce9d725eef.jpg?v=1780945369,Leinen-Set «Lino»,Leinen-Set «Lino» · CHF 59.90 🌿 Weste + weite Hose — luftig-elegant für heisse Tage. –10% mit Code WELCOME10 | Schweizer Online-Shop · Gratis-Versand ab CHF 65 · –10% mit Code WELCOME10. #schweiz #bern #luxestyle,https://luxestyle.ch/products/leinen-set-lino-weste-weite-hose,,ready,,
pin-edit-ibiza-20260610,2026-06-17,https://cdn.shopify.com/s/files/1/0943/6856/3585/files/boho-kleid-ibiza-baumwoll-leinen-locker-edit.jpg?v=1781097451,Boho-Kleid «Ibiza»,"Boho-Kleid «Ibiza» 🌿 luftiges Baumwoll-Leinen für heisse Tage. ★ 4,5 (15 Bewertungen) · –10% mit Code WELCOME10 | Schweizer Online-Shop · Gratis-Versand ab CHF 65 · –10% mit Code WELCOME10. #schweiz #bern #luxestyle",https://luxestyle.ch/products/boho-kleid-ibiza-baumwoll-leinen-locker,,ready,,
pin-edit-plateau-20260610,2026-06-17,https://cdn.shopify.com/s/files/1/0943/6856/3585/files/wt-plateau-20260610.jpg?v=1781115416,"Plateau-Sandalen im Retro-Style 👡 Komfort-Sohle, den ganzen Tag bequem. ★ 4,7 (21 Bewertungen) ","Plateau-Sandalen im Retro-Style 👡 Komfort-Sohle, den ganzen Tag bequem. ★ 4,7 (21 Bewertungen) · –10% WELCOME10 | Schweizer Online-Shop · Gratis-Versand ab CHF 65 · –10% mit Code WELCOME10. #schweiz #bern #luxestyle",https://luxestyle.ch/products/plateau-sandalen-damen-retro-style-mit-komfort-sohle-sommer-2026,,ready,,
pin-edit-marco-20260610,2026-06-18,https://cdn.shopify.com/s/files/1/0943/6856/3585/files/wt-marco-20260610.jpg?v=1781115416,Herren-Sneaker «Marco»,"Herren-Sneaker «Marco» 👟 cleaner Retro-Trainer in Leder-Optik, vielseitig. –10% mit Code WELCOME10 | Schweizer Online-Shop · Gratis-Versand ab CHF 65 · –10% mit Code WELCOME10. #schweiz #bern #luxestyle",https://luxestyle.ch/products/herren-sneaker-marco-leder-optik-retro-trainer,,ready,,
pin-edit-guasha-20260610,2026-06-18,https://cdn.shopify.com/s/files/1/0943/6856/3585/files/wt-guasha-20260610.jpg?v=1781115416,Gua-Sha-Set «Jade»,Gua-Sha-Set «Jade» 💚 Massage-Tool + Rosehip-Öl fürs Self-Care-Ritual zu Hause. –10% mit Code WELCOME10 | Schweizer Online-Shop · Gratis-Versand ab CHF 65 · –10% mit Code WELCOME10. #schweiz #bern #luxestyle,https://luxestyle.ch/products/gua-sha-set-jade-massage-tool-rosehip-ol,,ready,,
pin-edit-onyx-20260610,2026-06-19,https://cdn.shopify.com/s/files/1/0943/6856/3585/files/wt-onyx-20260610.jpg?v=1781115416,Statement-Ohrringe «Onyx»,Statement-Ohrringe «Onyx» 🖤 geometrischer Eyecatcher für den Abend. –10% mit Code WELCOME10 | Schweizer Online-Shop · Gratis-Versand ab CHF 65 · –10% mit Code WELCOME10. #schweiz #bern #luxestyle,https://luxestyle.ch/products/statement-ohrringe-onyx-geometrisch-schwarz,,ready,,
pin-edit-costa-20260610,2026-06-19,https://cdn.shopify.com/s/files/1/0943/6856/3585/files/wt-costa-20260610.jpg?v=1781115416,Herren-Set «Costa»,"Herren-Set «Costa» 🧥 Kapuzen-Shirt + Jogger im Leinen-Look, 8 Farben. –10% mit Code WELCOME10 | Schweizer Online-Shop · Gratis-Versand ab CHF 65 · –10% mit Code WELCOME10. #schweiz #bern #luxestyle",https://luxestyle.ch/products/herren-set-costa-kapuzen-shirt-jogger,,ready,,
pin-edit-roma-20260610,2026-06-20,https://cdn.shopify.com/s/files/1/0943/6856/3585/files/wt-roma-20260610.jpg?v=1781115416,Blazer «Roma»,"Blazer «Roma» 💼 tailliert mit Bindegürtel, Business & Casual in 11 Farben. –10% mit Code WELCOME10 | Schweizer Online-Shop · Gratis-Versand ab CHF 65 · –10% mit Code WELCOME10. #schweiz #bern #luxestyle",https://luxestyle.ch/products/blazer-roma-tailliert-mit-bindegurtel-revers,,ready,,
pin-edit-stella-20260610,2026-06-20,https://cdn.shopify.com/s/files/1/0943/6856/3585/files/wt-stella-20260610.jpg?v=1781115416,Zirkonia-Kette «Stella»,Zirkonia-Kette «Stella» · CHF 39.90 🍀 zartes Kleeblatt als Glücksbringer für jeden Tag. –10% mit Code WELCOME10 | Schweizer Online-Shop · Gratis-Versand ab CHF 65 · –10% mit Code WELCOME10. #schweiz #bern #luxestyle,https://luxestyle.ch/products/zirkonia-kette-stella-kleeblatt-anhanger-silber-optik,,ready,,
pin-ki-strohtasche-2026-06-07,2026-06-21,https://abannews.com/social/enhanced/strohtasche.jpg,Strand-Strohtasche XL (geflochten) ✨ Premium-Look zum fairen Preis. Code WELCOME10 = -10% → https://,Strand-Strohtasche XL (geflochten) ✨ Premium-Look zum fairen Preis. Code WELCOME10 = -10% → https://luxestyle.ch/products/handwoven-straw-beach-tote-summer-2026 #schweizmode #ootdschweiz #sommerkleid #fashionschweiz #luxestyle | Schweizer Online-Shop · Gratis-Versand ab CHF 65 · –10% mit Code WELCOME10. #schweiz #bern #luxestyle,https://luxestyle.ch/products/handwoven-straw-beach-tote-summer-2026,,ready,,
pin-ki-daisy-2026-06-07,2026-06-21,https://abannews.com/social/enhanced/daisy.jpg,Neu entdeckt: Polka-Dot-Kleid «Daisy»,Neu entdeckt: Polka-Dot-Kleid «Daisy» 🤍 Schweizer Shop · Gratis-Versand ab CHF 65 → https://luxestyle.ch/products/polka-dot-retro-kleid-daisy-deep-v-mit-schleife #swissfashion #sommeroutfit #ootd #fashionschweiz #luxestylech | Schweizer Online-Shop · Gratis-Versand ab CHF 65 · –10% mit Code WELCOME10. #schweiz #bern #luxestyle,https://luxestyle.ch/products/polka-dot-retro-kleid-daisy-deep-v-mit-schleife,,ready,,
pin-ki-cateye-2026-06-07,2026-06-22,https://abannews.com/social/enhanced/cateye.jpg,Dein Sommer-Liebling? Cat-Eye-Sonnenbrille (Damen) 🌿 -10% mit WELCOME10 ,Dein Sommer-Liebling? Cat-Eye-Sonnenbrille (Damen) 🌿 -10% mit WELCOME10 · 30 Tage Rückgabe → https://luxestyle.ch/products/cat-eye-sonnenbrille-felina-polarisiert #sommermode2026 #ootdschweiz #schweizmode #fashiontiktok #luxestyle | Schweizer Online-Shop · Gratis-Versand ab CHF 65 · –10% mit Code WELCOME10. #schweiz #bern #luxestyle,https://luxestyle.ch/products/cat-eye-sonnenbrille-felina-polarisiert,,ready,,
pin-ki-sirene-2026-06-07,2026-06-22,https://abannews.com/social/enhanced/sirene.jpg,Abendkleid «Sirène»,Abendkleid «Sirène» — premium & bezahlbar. Jetzt mit Code WELCOME10 → https://luxestyle.ch/products/abendkleid-sirene-high-slit-meerjungfrau-mit-schleppe #schweizmode #ootdschweiz #sommerkleid #fashionschweiz #luxestyle | Schweizer Online-Shop · Gratis-Versand ab CHF 65 · –10% mit Code WELCOME10. #schweiz #bern #luxestyle,https://luxestyle.ch/products/abendkleid-sirene-high-slit-meerjungfrau-mit-schleppe,,ready,,
pin-ki-brise-2026-06-08,2026-06-23,https://abannews.com/social/enhanced/brise.jpg,Off-Shoulder-Kleid «Brise»,Off-Shoulder-Kleid «Brise» ✨ Premium-Look zum fairen Preis. Code WELCOME10 = -10% → https://luxestyle.ch/products/off-shoulder-kleid-brise-locker-armellos #schweizmode #ootdschweiz #sommerkleid #fashionschweiz #luxestyle | Schweizer Online-Shop · Gratis-Versand ab CHF 65 · –10% mit Code WELCOME10. #schweiz #bern #luxestyle,https://luxestyle.ch/products/off-shoulder-kleid-brise-locker-armellos,,ready,,
pin-ki-dosnu-2026-06-08,2026-06-23,https://abannews.com/social/enhanced/dosnu.jpg,Sommerkleid «Dos Nu»,Sommerkleid «Dos Nu» — premium & bezahlbar. Jetzt mit Code WELCOME10 → https://luxestyle.ch/products/sommerkleid-dos-nu-locker-mit-rucken-cut-out #schweizmode #ootdschweiz #sommerkleid #fashionschweiz #luxestyle | Schweizer Online-Shop · Gratis-Versand ab CHF 65 · –10% mit Code WELCOME10. #schweiz #bern #luxestyle,https://luxestyle.ch/products/sommerkleid-dos-nu-locker-mit-rucken-cut-out,,ready,,
pin-ki-cosy-2026-06-08,2026-06-24,https://abannews.com/social/enhanced/cosy.jpg,Kapuzen-Cardigan «Cosy»,Kapuzen-Cardigan «Cosy» ✨ Premium-Look zum fairen Preis. Code WELCOME10 = -10% → https://luxestyle.ch/products/kapuzen-cardigan-cosy-uni-mit-knopfen-damen #schweizmode #ootdschweiz #sommerkleid #fashionschweiz #luxestyle | Schweizer Online-Shop · Gratis-Versand ab CHF 65 · –10% mit Code WELCOME10. #schweiz #bern #luxestyle,https://luxestyle.ch/products/kapuzen-cardigan-cosy-uni-mit-knopfen-damen,,ready,,
pin-ki-nuit-2026-06-08,2026-06-24,https://abannews.com/social/enhanced/nuit.jpg,Neu entdeckt: Crossbody-Tasche «Nuit»,Neu entdeckt: Crossbody-Tasche «Nuit» 🤍 Schweizer Shop · Gratis-Versand ab CHF 65 → https://luxestyle.ch/products/crossbody-tasche-nuit-elegant-im-vintage-look #swissfashion #sommeroutfit #ootd #fashionschweiz #luxestylech | Schweizer Online-Shop · Gratis-Versand ab CHF 65 · –10% mit Code WELCOME10. #schweiz #bern #luxestyle,https://luxestyle.ch/products/crossbody-tasche-nuit-elegant-im-vintage-look,,ready,,
pin-ki-active-2026-06-08,2026-06-25,https://abannews.com/social/enhanced/active.jpg,Dein Sommer-Liebling? Workout-Set «Active»,Dein Sommer-Liebling? Workout-Set «Active» (2-tlg.) 🌿 -10% mit WELCOME10 · 30 Tage Rückgabe → https://luxestyle.ch/products/workout-set-active-2-teilig-geripptes-tank-damen #sommermode2026 #ootdschweiz #schweizmode #fashiontiktok #luxestyle | Schweizer Online-Shop · Gratis-Versand ab CHF 65 · –10% mit Code WELCOME10. #schweiz #bern #luxestyle,https://luxestyle.ch/products/workout-set-active-2-teilig-geripptes-tank-damen,,ready,,
pin-ki-sommerriv-2026-06-08,2026-06-25,https://abannews.com/social/enhanced/sommerriv.jpg,Sommer-Set «Riviera»,Sommer-Set «Riviera» (2-tlg.) — premium & bezahlbar. Jetzt mit Code WELCOME10 → https://luxestyle.ch/products/sommer-set-riviera-2-teilig-lassig-damen #schweizmode #ootdschweiz #sommerkleid #fashionschweiz #luxestyle | Schweizer Online-Shop · Gratis-Versand ab CHF 65 · –10% mit Code WELCOME10. #schweiz #bern #luxestyle,https://luxestyle.ch/products/sommer-set-riviera-2-teilig-lassig-damen,,ready,,
pin-long-weste-2026-06-08,2026-06-26,https://oss-cf.cjdropshipping.com/product/2026/06/07/05/307546d2-7f23-42ef-9914-e55dd210747c_water.jpeg,Resort-Vibes ✨ Neu bei LuxeStyle: Long-Weste «Resort»,Resort-Vibes ✨ Neu bei LuxeStyle: Long-Weste «Resort» — luftig & elegant für den Sommer. 🇨🇭 luxestyle.ch/products/long-weste-resort-armellos-color-block-mit-schleife · –10% mit Code WELCOME10 #schweizmode #sommermode #ootdschweiz #resortwear #luxestyle | Schweizer Online-Shop · Gratis-Versand ab CHF 65 · –10% mit Code WELCOME10. #schweiz #bern #luxestyle,https://luxestyle.ch/products/long-weste-resort-armellos-color-block-mit-schleife,,ready,,
pin-herren-resort-2026-06-08,2026-06-26,https://cf.cjdropshipping.com/quick/product/ce418605-6652-4c97-b27a-fdd290a1d80f.jpg,Für ihn 🔥 «Resort»,"Für ihn 🔥 «Resort»-Set: Kurzarm-Hemd + Hose, lässig-elegant. Neu bei LuxeStyle → luxestyle.ch/products/herren-set-resort-kurzarm-hemd-hose · –10% WELCOME10 #herrenmode #menstyle #schweiz #resortwear #luxestyle | Schweizer Online-Shop · Gratis-Versand ab CHF 65 · –10% mit Code WELCOME10. #schweiz #bern #luxestyle",https://luxestyle.ch/products/herren-set-resort-kurzarm-hemd-hose,,ready,,
pin-ki-bali-2026-06-07,2026-06-27,https://abannews.com/social/enhanced/bali.jpg,Strand-Maxikleid «Bali»,Strand-Maxikleid «Bali» (4.93★) ✨ Premium-Look zum fairen Preis. Code WELCOME10 = -10% → https://luxestyle.ch/products/strand-maxikleid-bali-luftiges-stufenkleid #schweizmode #ootdschweiz #sommerkleid #fashionschweiz #luxestyle | Schweizer Online-Shop · Gratis-Versand ab CHF 65 · –10% mit Code WELCOME10. #schweiz #bern #luxestyle,https://luxestyle.ch/products/strand-maxikleid-bali-luftiges-stufenkleid,,ready,,
pin-lune-2026-06-08,2026-06-27,https://cdn.shopify.com/s/files/1/0943/6856/3585/files/ab0f1c89-c949-4dee-9114-a67ad3d9aa93.jpg?v=1780876422,"Kleine Tasche, grosse Wirkung 👜 Henkeltasche «Lune»","Kleine Tasche, grosse Wirkung 👜 Henkeltasche «Lune» mit Gold-Clip — Top-Handle + Crossbody. Neu bei LuxeStyle → https://luxestyle.ch/products/henkeltasche-lune-top-handle-mit-gold-clip-crossbody · –10% WELCOME10 #handtasche #schweizmode #ootd #luxestyle | Schweizer Online-Shop · Gratis-Versand ab CHF 65 · –10% mit Code WELCOME10. #schweiz #bern #luxestyle",https://luxestyle.ch/products/henkeltasche-lune-top-handle-mit-gold-clip-crossbody,,ready,,
pin-eclat-2026-06-08,2026-06-28,https://cdn.shopify.com/s/files/1/0943/6856/3585/files/036d0c3a-840a-4c64-ae0c-a1b48d18116c.jpg?v=1780878065,Funkeln wie ein Diamant 💎 Moissanite-Ohrstecker «Éclat»,Funkeln wie ein Diamant 💎 Moissanite-Ohrstecker «Éclat» in 925 Silber. Neu → https://luxestyle.ch/products/moissanite-ohrstecker-eclat-s925-silber-0-5-1-karat · –10% WELCOME10 #moissanite #ohrringe #schmuck #luxestyle | Schweizer Online-Shop · Gratis-Versand ab CHF 65 · –10% mit Code WELCOME10. #schweiz #bern #luxestyle,https://luxestyle.ch/products/moissanite-ohrstecker-eclat-s925-silber-0-5-1-karat,,ready,,
pin-dore-2026-06-08,2026-06-28,https://cdn.shopify.com/s/files/1/0943/6856/3585/files/de618414-704b-442e-ab22-22c964ff28bf.jpg?v=1780879300,Gold-Statement ✨ Quadratische Ohrringe «Doré»,"Gold-Statement ✨ Quadratische Ohrringe «Doré», gebürstetes Gold. Neu → https://luxestyle.ch/products/statement-ohrringe-dore-geburstetes-gold-quadratisch · –10% WELCOME10 #statementearrings #goldschmuck #ootd #luxestyle | Schweizer Online-Shop · Gratis-Versand ab CHF 65 · –10% mit Code WELCOME10. #schweiz #bern #luxestyle",https://luxestyle.ch/products/statement-ohrringe-dore-geburstetes-gold-quadratisch,,ready,,
pin-evil-2026-06-08,2026-06-29,https://cdn.shopify.com/s/files/1/0943/6856/3585/files/2ece7b43-05bc-434e-b1b4-5bb6360168cb.jpg?v=1780879302,Sommer am Handgelenk 🦋 Armband «Évil»,Sommer am Handgelenk 🦋 Armband «Évil» mit Schmetterling & Nazar-Auge. Neu → https://luxestyle.ch/products/sommer-armband-evil-schmetterling-nazar-auge-vergoldet · –10% WELCOME10 #armband #sommerschmuck #boho #luxestyle | Schweizer Online-Shop · Gratis-Versand ab CHF 65 · –10% mit Code WELCOME10. #schweiz #bern #luxestyle,https://luxestyle.ch/products/sommer-armband-evil-schmetterling-nazar-auge-vergoldet,,ready,,
pin-fortune-2026-06-08,2026-06-29,https://cdn.shopify.com/s/files/1/0943/6856/3585/files/61dae66d-75fe-4ed2-99a0-0e68bd0ec85f.jpg?v=1780889454,Trag dein Glück 🍀 Halskette «Fortune»,Trag dein Glück 🍀 Halskette «Fortune» mit Hufeisen & Kreuz. Neu → https://luxestyle.ch/products/glucks-halskette-fortune-hufeisen-kreuz-mit-zirkonia · –10% WELCOME10 #halskette #gluecksbringer #geschenk #luxestyle | Schweizer Online-Shop · Gratis-Versand ab CHF 65 · –10% mit Code WELCOME10. #schweiz #bern #luxestyle,https://luxestyle.ch/products/glucks-halskette-fortune-hufeisen-kreuz-mit-zirkonia,,ready,,
pin-milano-2026-06-08,2026-06-30,https://cdn.shopify.com/s/files/1/0943/6856/3585/files/27fb9c34-2dcc-4a7e-a830-4fb221342564.jpg?v=1780875718,Büro bis Abend 💼 Long-Blazer «Milano»,Büro bis Abend 💼 Long-Blazer «Milano» in 8 Farben. Neu → https://luxestyle.ch/products/long-blazer-milano-uni-ohne-knopfe-damen · –10% WELCOME10 #blazer #businesslook #schweizmode #luxestyle | Schweizer Online-Shop · Gratis-Versand ab CHF 65 · –10% mit Code WELCOME10. #schweiz #bern #luxestyle,https://luxestyle.ch/products/long-blazer-milano-uni-ohne-knopfe-damen,,ready,,
pin-coquille-2026-06-08,2026-06-30,https://cdn.shopify.com/s/files/1/0943/6856/3585/files/56761d00-d8d6-48e1-9274-e1070c2c8bf2.jpg?v=1780877301,Meeres-Zauber 🐚 Perlen-Anhänger «Coquille»,"Meeres-Zauber 🐚 Perlen-Anhänger «Coquille», vergoldet. Neu → https://luxestyle.ch/products/perlen-anhanger-coquille-muschel-form-vergoldet · –10% WELCOME10 #perlen #halskette #schmuck #luxestyle | Schweizer Online-Shop · Gratis-Versand ab CHF 65 · –10% mit Code WELCOME10. #schweiz #bern #luxestyle",https://luxestyle.ch/products/perlen-anhanger-coquille-muschel-form-vergoldet,,ready,,
pin-pois-2026-06-08,2026-07-01,https://cdn.shopify.com/s/files/1/0943/6856/3585/files/55a7eecf-0d8f-4974-8d4a-21f8f2df9aaa.jpg?v=1780877303,Dein Geburtsstein 💫 Armband «Pois»,"Dein Geburtsstein 💫 Armband «Pois» mit farbigen Steinen, personalisierbar. Neu → https://luxestyle.ch/products/geburtsstein-armband-pois-zarte-kette-mit-steinen · –10% WELCOME10 #geburtsstein #armband #personalisiert #luxestyle | Schweizer Online-Shop · Gratis-Versand ab CHF 65 · –10% mit Code WELCOME10. #schweiz #bern #luxestyle",https://luxestyle.ch/products/geburtsstein-armband-pois-zarte-kette-mit-steinen,,ready,,
pin-auto-jeans-shorts-cristal-strass-,2026-07-01,https://cdn.shopify.com/s/files/1/0943/6856/3585/files/c8951233-132a-4195-b263-b96bd94eaead.jpg?v=1780904735,Funkeln im Sommer 💎 Jeans-Shorts «Cristal»,"Funkeln im Sommer 💎 Jeans-Shorts «Cristal» mit Strass, CHF 29.90. 🛒 luxestyle.ch/products/jeans-shorts-cristal-strass-besatz-mid-rise-stretch · –10% Code WELCOME10 #luxestyle #sommermode #denimshorts #ootdschweiz #fashionschweiz #schweiz | Schweizer Online-Shop · Gratis-Versand ab CHF 65 · –10% mit Code WELCOME10. #schweiz #bern #luxestyle",https://luxestyle.ch/products/jeans-shorts-cristal-strass-besatz-mid-rise-stretch,,ready,,
pin-auto-make-up-tasche-mirror-kosmet,2026-07-02,https://cdn.shopify.com/s/files/1/0943/6856/3585/files/febf4d9b-e31d-4f70-a886-23cf0f54502b_trans.jpg?v=1780904766,Alles griffbereit 💄 Make-up-Tasche «Mirror»,"Alles griffbereit 💄 Make-up-Tasche «Mirror» mit Spiegel, CHF 19.90. 🛒 luxestyle.ch/products/make-up-tasche-mirror-kosmetiketui-mit-integriertem-spiegel · –10% Code WELCOME10 #luxestyle #makeupbag #beauty #ootdschweiz #fashionschweiz #schweiz | Schweizer Online-Shop · Gratis-Versand ab CHF 65 · –10% mit Code WELCOME10. #schweiz #bern #luxestyle",https://luxestyle.ch/products/make-up-tasche-mirror-kosmetiketui-mit-integriertem-spiegel,,ready,,
pin-auto-kerzenwarmer-lampe-lueur-mit,2026-07-02,https://cdn.shopify.com/s/files/1/0943/6856/3585/files/38e961b1-87b9-4197-834e-d24c3cf158c3.jpg?v=1780904789,Warmes Licht ohne Flamme 🕯️ Kerzenwärmer-Lampe «Lueur»,"Warmes Licht ohne Flamme 🕯️ Kerzenwärmer-Lampe «Lueur», CHF 79.90. 🛒 luxestyle.ch/products/kerzenwarmer-lampe-lueur-mit-timer-dimmer · –10% Code WELCOME10 #luxestyle #homedecor #wohnen #ootdschweiz #fashionschweiz #schweiz | Schweizer Online-Shop · Gratis-Versand ab CHF 65 · –10% mit Code WELCOME10. #schweiz #bern #luxestyle",https://luxestyle.ch/products/kerzenwarmer-lampe-lueur-mit-timer-dimmer,,ready,,
pin-auto-herren-jeans-heritage-washed,2026-07-03,https://cdn.shopify.com/s/files/1/0943/6856/3585/files/79049c62-3cae-47f5-9fa1-f506f13896a4.jpg?v=1780904823,Für ihn 🔥 Herren-Jeans «Heritage»,"Für ihn 🔥 Herren-Jeans «Heritage» Washed Vintage, CHF 44.90. 🛒 luxestyle.ch/products/herren-jeans-heritage-washed-vintage-heavyweight · –10% Code WELCOME10 #luxestyle #herrenmode #denim #ootdschweiz #fashionschweiz #schweiz | Schweizer Online-Shop · Gratis-Versand ab CHF 65 · –10% mit Code WELCOME10. #schweiz #bern #luxestyle",https://luxestyle.ch/products/herren-jeans-heritage-washed-vintage-heavyweight,,ready,,
pin-auto-sommerkleid-sole-casual-midi,2026-07-03,https://cdn.shopify.com/s/files/1/0943/6856/3585/files/1cebeab4-e138-43e3-af3e-fc96d5a5abf2.jpg?v=1780905230,Casual & bequem ☀️ Sommerkleid «Sole»,"Casual & bequem ☀️ Sommerkleid «Sole», CHF 34.90. 🛒 luxestyle.ch/products/sommerkleid-sole-casual-midi-raglan-armel · –10% Code WELCOME10 #luxestyle #sommerkleid #ootd #ootdschweiz #fashionschweiz #schweiz | Schweizer Online-Shop · Gratis-Versand ab CHF 65 · –10% mit Code WELCOME10. #schweiz #bern #luxestyle",https://luxestyle.ch/products/sommerkleid-sole-casual-midi-raglan-armel,,ready,,
pin-auto-herren-henley-waffle-waffels,2026-07-04,https://cdn.shopify.com/s/files/1/0943/6856/3585/files/cfcbe962-5cf9-4059-aea2-82fa2809ae98.jpg?v=1780905412,Waffelstrick-Henley für ihn 👔 «Waffle»,"Waffelstrick-Henley für ihn 👔 «Waffle», CHF 34.90. 🛒 luxestyle.ch/products/herren-henley-waffle-waffelstrick-langarm · –10% Code WELCOME10 #luxestyle #herrenmode #menstyle #ootdschweiz #fashionschweiz #schweiz | Schweizer Online-Shop · Gratis-Versand ab CHF 65 · –10% mit Code WELCOME10. #schweiz #bern #luxestyle",https://luxestyle.ch/products/herren-henley-waffle-waffelstrick-langarm,,ready,,
pin-auto-samt-cap-velours-retro-baseb,2026-07-04,https://cdn.shopify.com/s/files/1/0943/6856/3585/files/460d9077-9817-4fe4-9cdd-2c22c04fc40b.jpg?v=1780906749,Samtweich 🧢 Cap «Velours»,"Samtweich 🧢 Cap «Velours» in 8 Farben, CHF 19.90. 🛒 luxestyle.ch/products/samt-cap-velours-retro-baseball-mutze-verstellbar · –10% Code WELCOME10 #luxestyle #cap #accessoires #ootdschweiz #fashionschweiz #schweiz | Schweizer Online-Shop · Gratis-Versand ab CHF 65 · –10% mit Code WELCOME10. #schweiz #bern #luxestyle",https://luxestyle.ch/products/samt-cap-velours-retro-baseball-mutze-verstellbar,,ready,,
pin-auto-herren-sommerhemd-lido-stehk,2026-07-05,https://cdn.shopify.com/s/files/1/0943/6856/3585/files/20061016-d444-4e6b-8ccd-b748110e1aaf.jpg?v=1780908130,Leinen-Look für heisse Tage 🌴 Herren-Hemd «Lido»,"Leinen-Look für heisse Tage 🌴 Herren-Hemd «Lido», CHF 34.90. 🛒 luxestyle.ch/products/herren-sommerhemd-lido-stehkragen-kurzarm-leinen-look · –10% Code WELCOME10 #luxestyle #herrenmode #sommer #ootdschweiz #fashionschweiz #schweiz | Schweizer Online-Shop · Gratis-Versand ab CHF 65 · –10% mit Code WELCOME10. #schweiz #bern #luxestyle",https://luxestyle.ch/products/herren-sommerhemd-lido-stehkragen-kurzarm-leinen-look,,ready,,
pin-auto-strand-sandalen-doree-metall,2026-07-05,https://cdn.shopify.com/s/files/1/0943/6856/3585/files/5281a9ec-92e7-4f8b-992b-41c3422dc2fc.jpg?v=1780908238,Metallic-Glanz ✨ Strand-Sandalen «Dorée»,"Metallic-Glanz ✨ Strand-Sandalen «Dorée», CHF 34.90. 🛒 luxestyle.ch/products/strand-sandalen-doree-metallic-riemchen-flach · –10% Code WELCOME10 #luxestyle #sandalen #sommerschuhe #ootdschweiz #fashionschweiz #schweiz | Schweizer Online-Shop · Gratis-Versand ab CHF 65 · –10% mit Code WELCOME10. #schweiz #bern #luxestyle",https://luxestyle.ch/products/strand-sandalen-doree-metallic-riemchen-flach,,ready,,
pin-auto-boho-kleid-indigo-armellos-m,2026-07-06,https://cdn.shopify.com/s/files/1/0943/6856/3585/files/b346c1da-9c85-4640-aee5-1ba460e116e2.jpg?v=1780908612,Boho-Sommer 🌊 Kleid «Indigo»,"Boho-Sommer 🌊 Kleid «Indigo» mit Volant, CHF 39.90. 🛒 luxestyle.ch/products/boho-kleid-indigo-armellos-mit-knopfleiste-volant · –10% Code WELCOME10 #luxestyle #bohostyle #sommerkleid #ootdschweiz #fashionschweiz #schweiz | Schweizer Online-Shop · Gratis-Versand ab CHF 65 · –10% mit Code WELCOME10. #schweiz #bern #luxestyle",https://luxestyle.ch/products/boho-kleid-indigo-armellos-mit-knopfleiste-volant,,ready,,
pin-auto-maxi-kleid-aria-langarm-tail,2026-07-06,https://cdn.shopify.com/s/files/1/0943/6856/3585/files/ce596d7a-cd30-4d15-b583-27ef01b1b0f6.jpg?v=1780921285,Mühelos glamourös 🤎 Maxi-Kleid «Aria»,"Mühelos glamourös 🤎 Maxi-Kleid «Aria» mit Gürtel, CHF 49.90. 🛒 luxestyle.ch/products/maxi-kleid-aria-langarm-tailliert-mit-gurtel · –10% Code WELCOME10 #luxestyle #maxikleid #eleganz #ootdschweiz #fashionschweiz #schweiz | Schweizer Online-Shop · Gratis-Versand ab CHF 65 · –10% mit Code WELCOME10. #schweiz #bern #luxestyle",https://luxestyle.ch/products/maxi-kleid-aria-langarm-tailliert-mit-gurtel,,ready,,
pin-auto-sonnenbrille-mirage-cat-eye-,2026-07-07,https://cdn.shopify.com/s/files/1/0943/6856/3585/files/7c1bde0e-bcba-4105-84cf-2cf8c253a2d3.jpg?v=1780921210,Cat-Eye-Vibes 🕶️ Sonnenbrille «Mirage»,"Cat-Eye-Vibes 🕶️ Sonnenbrille «Mirage», CHF 19.90. 🛒 luxestyle.ch/products/sonnenbrille-mirage-cat-eye-verspiegelt · –10% Code WELCOME10 #luxestyle #sonnenbrille #sunglasses #ootdschweiz #fashionschweiz #schweiz | Schweizer Online-Shop · Gratis-Versand ab CHF 65 · –10% mit Code WELCOME10. #schweiz #bern #luxestyle",https://luxestyle.ch/products/sonnenbrille-mirage-cat-eye-verspiegelt,,ready,,
pin-auto-sommer-playsuit-marigold-blu,2026-07-07,https://cdn.shopify.com/s/files/1/0943/6856/3585/files/d2785bea-dd0d-4a92-a6fe-d9677d950865.jpg?v=1780928122,Verspielt & leicht 🌸 Playsuit «Marigold»,"Verspielt & leicht 🌸 Playsuit «Marigold», CHF 29.90. 🛒 luxestyle.ch/products/sommer-playsuit-marigold-bluten-print-trager · –10% Code WELCOME10 #luxestyle #playsuit #sommeroutfit #ootdschweiz #fashionschweiz #schweiz | Schweizer Online-Shop · Gratis-Versand ab CHF 65 · –10% mit Code WELCOME10. #schweiz #bern #luxestyle",https://luxestyle.ch/products/sommer-playsuit-marigold-bluten-print-trager,,ready,,
pin-auto-plateau-pumps-wild-leoparden,2026-07-08,https://cdn.shopify.com/s/files/1/0943/6856/3585/files/15061c19-c137-4e2e-8232-c51143823e05.jpg?v=1780928173,Statement-Schuh 🐆 Plateau-Pumps «Wild»,"Statement-Schuh 🐆 Plateau-Pumps «Wild», CHF 44.90. 🛒 luxestyle.ch/products/plateau-pumps-wild-leoparden-print-knochelriemen · –10% Code WELCOME10 #luxestyle #heels #leopard #ootdschweiz #fashionschweiz #schweiz | Schweizer Online-Shop · Gratis-Versand ab CHF 65 · –10% mit Code WELCOME10. #schweiz #bern #luxestyle",https://luxestyle.ch/products/plateau-pumps-wild-leoparden-print-knochelriemen,,ready,,
pin-ki-sonnenbrille-chrome-2026-06-09,2026-07-08,https://abannews.com/social/enhanced/sonnenbrille-chrome.jpg,Sonnenbrille «Chrome»,Sonnenbrille «Chrome» · polarisiert ✨ Premium-Look zum fairen Preis. Code WELCOME10 = -10% → https://luxestyle.ch/products/sonnenbrille-chrome-polarisiert-color-changing #schweizmode #ootdschweiz #sommerkleid #fashionschweiz #luxestyle | Schweizer Online-Shop · Gratis-Versand ab CHF 65 · –10% mit Code WELCOME10. #schweiz #bern #luxestyle,https://luxestyle.ch/products/sonnenbrille-chrome-polarisiert-color-changing,,ready,,
pin-ki-aurora-kleid-2026-06-09,2026-07-09,https://abannews.com/social/enhanced/aurora-kleid.jpg,Neu entdeckt: Abendkleid «Aurora»,Neu entdeckt: Abendkleid «Aurora» · Satin mit Schlitz 🤍 Schweizer Shop · Gratis-Versand ab CHF 65 → https://luxestyle.ch/products/abendkleid-aurora-satin-spaghettitrager-schlitz #swissfashion #sommeroutfit #ootd #fashionschweiz #luxestylech | Schweizer Online-Shop · Gratis-Versand ab CHF 65 · –10% mit Code WELCOME10. #schweiz #bern #luxestyle,https://luxestyle.ch/products/abendkleid-aurora-satin-spaghettitrager-schlitz,,ready,,
pin-ki-monsieur-hemd-2026-06-09,2026-07-09,https://abannews.com/social/enhanced/monsieur-hemd.jpg,Dein Sommer-Liebling? Herren-Sommerhemd «Monsieur»,Dein Sommer-Liebling? Herren-Sommerhemd «Monsieur» · CHF 44.90 · Kurzarm 🌿 -10% mit WELCOME10 · 30 Tage Rückgabe → https://luxestyle.ch/products/herren-sommerhemd-monsieur-french-court-style-kurzarm #sommermode2026 #ootdschweiz #schweizmode #fashiontiktok #luxestyle #bern | Schweizer Online-Shop · Gratis-Versand ab CHF 65 · –10% mit Code WELCOME10. #schweiz #bern #luxestyle,https://luxestyle.ch/products/herren-sommerhemd-monsieur-french-court-style-kurzarm,,ready,,
pin-ki-nackenventilator-2026-06-09,2026-07-10,https://abannews.com/social/enhanced/nackenventilator.jpg,Bladeless Nackenventilator ,Bladeless Nackenventilator · USB · leise — premium & bezahlbar. Jetzt mit Code WELCOME10 nur CHF 29.90 → https://luxestyle.ch/products/bladeless-nackenventilator-usb-akku-5-stufen-flusterleise #schweizmode #ootdschweiz #sommerkleid #fashionschweiz #luxestyle #bern | Schweizer Online-Shop · Gratis-Versand ab CHF 65 · –10% mit Code WELCOME10. #schweiz #bern #luxestyle,https://luxestyle.ch/products/bladeless-nackenventilator-usb-akku-5-stufen-flusterleise,,ready,,
