hyaluronsaure-hautpflege-5er-set-623900	01	https://cdn.shopify.com/s/files/1/0943/6856/3585/files/01.jpg?v=1787981279
hyaluronsaure-hautpflege-5er-set-623900	03	https://cdn.shopify.com/s/files/1/0943/6856/3585/files/03.jpg?v=1787981287
hyaluronsaure-hautpflege-5er-set-623900	04	https://cdn.shopify.com/s/files/1/0943/6856/3585/files/04.jpg?v=1787981293
hyaluronsaure-hautpflege-5er-set-623900	05	https://cdn.shopify.com/s/files/1/0943/6856/3585/files/05.jpg?v=1787981299
hyaluronsaure-hautpflege-5er-set-623900	06	https://cdn.shopify.com/s/files/1/0943/6856/3585/files/06.jpg?v=1787981305
schmuck-organizer-mit-faltwand-958528	01	https://cdn.shopify.com/s/files/1/0943/6856/3585/files/01_766648c0-e710-4b90-9d96-53bc1c254744.jpg?v=1787981312
schmuck-organizer-mit-faltwand-958528	02	https://cdn.shopify.com/s/files/1/0943/6856/3585/files/02.jpg?v=1787981319
schmuck-organizer-mit-faltwand-958528	03	https://cdn.shopify.com/s/files/1/0943/6856/3585/files/03_f01cb013-8a3a-48fd-8e5b-058d0b3c68c6.jpg?v=1787981324
schmuck-organizer-mit-faltwand-958528	05	https://cdn.shopify.com/s/files/1/0943/6856/3585/files/05_3a239a55-fc0e-4ae7-ab4c-9057f3ce4944.jpg?v=1787981332
schmuck-organizer-mit-faltwand-958528	06	https://cdn.shopify.com/s/files/1/0943/6856/3585/files/06_a34e02b0-35fe-436f-8fd3-0dd3b58ff960.jpg?v=1787981337
top-5-unter-50-0828	01	https://cdn.shopify.com/s/files/1/0943/6856/3585/files/01_d61242e4-ecbe-402e-8a12-a4f66a4b4adc.jpg?v=1787981345
top-5-unter-50-0828	02	https://cdn.shopify.com/s/files/1/0943/6856/3585/files/02_7d04d80c-6bbd-43c1-806f-45f2aaae7445.jpg?v=1787981351
top-5-unter-50-0828	03	https://cdn.shopify.com/s/files/1/0943/6856/3585/files/03_1d62da2e-138a-4d45-8a25-a561bd0a6854.jpg?v=1787981357
top-5-unter-50-0828	05	https://cdn.shopify.com/s/files/1/0943/6856/3585/files/05_1cdf49a5-e1b4-4cf6-8d65-a2108b87bdb0.jpg?v=1787981364
top-5-unter-50-0828	06	https://cdn.shopify.com/s/files/1/0943/6856/3585/files/06_682421c9-c583-4adf-97c9-0f8f288946f2.jpg?v=1787981371
top-5-unter-50-0828	07	https://cdn.shopify.com/s/files/1/0943/6856/3585/files/07.jpg?v=1787981376
vakuumierer-kabellos-lebensmittel	01	https://cdn.shopify.com/s/files/1/0943/6856/3585/files/01_a9199b32-e239-43f9-9c28-d68853ac4d3d.jpg?v=1787981383
vakuumierer-kabellos-lebensmittel	02	https://cdn.shopify.com/s/files/1/0943/6856/3585/files/02_a18406d6-8248-4677-b3b2-feda849e4f7f.jpg?v=1787981390
vakuumierer-kabellos-lebensmittel	03	https://cdn.shopify.com/s/files/1/0943/6856/3585/files/03_1ba8f037-0eab-47e6-8d6e-bc62049a32f9.jpg?v=1787981397
vakuumierer-kabellos-lebensmittel	04	https://cdn.shopify.com/s/files/1/0943/6856/3585/files/04_288e7343-df45-45b5-b328-5554283f5539.jpg?v=1787981404
vakuumierer-kabellos-lebensmittel	05	https://cdn.shopify.com/s/files/1/0943/6856/3585/files/05_c9882ed4-4476-48c9-b09c-c0d2de00505c.jpg?v=1787981410
hyaluronsaure-hautpflege-5er-set-623900	02	https://cdn.shopify.com/s/files/1/0943/6856/3585/files/02_b838b1be-ce0d-4937-aef4-f608743bd9ea.jpg?v=1787981427
schmuck-organizer-mit-faltwand-958528	04	https://cdn.shopify.com/s/files/1/0943/6856/3585/files/04_bc4d82ee-5c49-495b-b06b-2c8538dd1786.jpg?v=1787981434
top-5-unter-50-0828	04	https://cdn.shopify.com/s/files/1/0943/6856/3585/files/04_fda8ba12-3844-42be-bcb6-e8dff73f79aa.jpg?v=1787981440
lockenstab-fur-einfache-stylings-631872	01	https://cdn.shopify.com/s/files/1/0943/6856/3585/files/01_758b5675-52ab-4043-b3e6-5b158c4eb036.jpg?v=1787991376
lockenstab-fur-einfache-stylings-631872	02	https://cdn.shopify.com/s/files/1/0943/6856/3585/files/02_212edf59-2cff-4dfa-82a0-9f232ddd7c2b.jpg?v=1787991381
lockenstab-fur-einfache-stylings-631872	03	https://cdn.shopify.com/s/files/1/0943/6856/3585/files/03_de8a315e-df6e-4eb0-a999-0c4384cab537.jpg?v=1787991388
lockenstab-fur-einfache-stylings-631872	04	https://cdn.shopify.com/s/files/1/0943/6856/3585/files/04_77c9e374-d2a6-46bb-9c0f-f66acd6b7379.jpg?v=1787991394
lockenstab-fur-einfache-stylings-631872	05	https://cdn.shopify.com/s/files/1/0943/6856/3585/files/05_19e9b5a2-a7ed-43d1-b754-6700f8b77e91.jpg?v=1787991400
lockenstab-fur-einfache-stylings-631872	06	https://cdn.shopify.com/s/files/1/0943/6856/3585/files/06_3f15284c-9a96-4d64-a04c-549e92e4e3fe.jpg?v=1787991406
top-5-unter-40-0829	01	https://cdn.shopify.com/s/files/1/0943/6856/3585/files/01_e5ad595b-fb29-4985-b848-6cbcd66bccdf.jpg?v=1787991414
top-5-unter-40-0829	03	https://cdn.shopify.com/s/files/1/0943/6856/3585/files/03_91259e24-1e1b-410d-bcef-50022ecd48e5.jpg?v=1787991420
top-5-unter-40-0829	04	https://cdn.shopify.com/s/files/1/0943/6856/3585/files/04_06c8f1cf-3f90-40f8-883e-04b21858cd07.jpg?v=1787991426
top-5-unter-40-0829	05	https://cdn.shopify.com/s/files/1/0943/6856/3585/files/05_60c95423-157b-450a-bed0-e71195e69369.jpg?v=1787991432
top-5-unter-40-0829	06	https://cdn.shopify.com/s/files/1/0943/6856/3585/files/06_d49a1854-2ed1-422f-a3bf-c213febaf25a.jpg?v=1787991440
top-5-unter-40-0829	07	https://cdn.shopify.com/s/files/1/0943/6856/3585/files/07_6ceac223-0084-49f0-85c3-1bd910d3660e.jpg?v=1787991445
top-5-unter-40-0829	02	https://cdn.shopify.com/s/files/1/0943/6856/3585/files/02_68e50ad7-8901-4dbd-9a36-c8b82c897c17.jpg?v=1787995383
8-teiliges-make-up-pinselset-mit-aufbewahrungs	01	https://cdn.shopify.com/s/files/1/0943/6856/3585/files/01_98102844-d43b-4be0-87e9-bc7ee909262c.jpg?v=1788125735
8-teiliges-make-up-pinselset-mit-aufbewahrungs	02	https://cdn.shopify.com/s/files/1/0943/6856/3585/files/02_1744a2b5-cc63-4728-8107-484ebd650e91.jpg?v=1788125740
8-teiliges-make-up-pinselset-mit-aufbewahrungs	03	https://cdn.shopify.com/s/files/1/0943/6856/3585/files/03_f8d6ef78-174f-4c24-b547-f3c89e951801.jpg?v=1788125747
8-teiliges-make-up-pinselset-mit-aufbewahrungs	04	https://cdn.shopify.com/s/files/1/0943/6856/3585/files/04_1973f857-ca87-4cde-8add-7237fb6b6242.jpg?v=1788125752
8-teiliges-make-up-pinselset-mit-aufbewahrungs	05	https://cdn.shopify.com/s/files/1/0943/6856/3585/files/05_faae7357-abbf-4045-8342-b2320d300bc8.jpg?v=1788125759
8-teiliges-make-up-pinselset-mit-aufbewahrungs	06	https://cdn.shopify.com/s/files/1/0943/6856/3585/files/06_3ac46cb6-0797-4e97-8e82-30c4f4e20a5b.jpg?v=1788125765
elektrischer-kopfhautmassage-roller-620600	01	https://cdn.shopify.com/s/files/1/0943/6856/3585/files/01_2a828309-0bd5-45f1-830b-55432c072f08.jpg?v=1788125778
elektrischer-kopfhautmassage-roller-620600	02	https://cdn.shopify.com/s/files/1/0943/6856/3585/files/02_1323eb0e-af52-43e9-ac30-8dc7de91c214.jpg?v=1788125784
elektrischer-kopfhautmassage-roller-620600	03	https://cdn.shopify.com/s/files/1/0943/6856/3585/files/03_a3823981-1b8a-4cda-83df-219a01ee4a6d.jpg?v=1788125791
elektrischer-kopfhautmassage-roller-620600	04	https://cdn.shopify.com/s/files/1/0943/6856/3585/files/04_94b8cdab-5252-46df-a9f1-ed9cc9143005.jpg?v=1788125798
elektrischer-kopfhautmassage-roller-620600	05	https://cdn.shopify.com/s/files/1/0943/6856/3585/files/05_ad3ef7ed-f6c3-4439-9ce0-317ce15076e9.jpg?v=1788125803
elektrischer-kopfhautmassage-roller-620600	06	https://cdn.shopify.com/s/files/1/0943/6856/3585/files/06_471cc76b-10f7-4e74-a7be-33cf4cd53246.jpg?v=1788125809
meisterwerk-0830	01	https://cdn.shopify.com/s/files/1/0943/6856/3585/files/01_6e3e2461-ab71-480c-b43c-a97fa6217e64.jpg?v=1788127314
meisterwerk-0830	02	https://cdn.shopify.com/s/files/1/0943/6856/3585/files/02_fefdb7c0-f1c1-4ca0-8fba-711ab29c8365.jpg?v=1788127319
meisterwerk-0830	03	https://cdn.shopify.com/s/files/1/0943/6856/3585/files/03_1f9194be-cec7-4383-9975-61a817d090e9.jpg?v=1788127326
meisterwerk-0830	04	https://cdn.shopify.com/s/files/1/0943/6856/3585/files/04_2c3ca620-ad50-4632-9d41-f67ed76c2c86.jpg?v=1788127332
meisterwerk-0830	05	https://cdn.shopify.com/s/files/1/0943/6856/3585/files/05_2eebd2f5-dd52-43ec-ba74-fe31d2af0c99.jpg?v=1788127339
meisterwerk-0830	06	https://cdn.shopify.com/s/files/1/0943/6856/3585/files/06_4b846a8e-cebd-4169-9bd5-bbfd554e62e2.jpg?v=1788127345
meisterwerk-0830	07	https://cdn.shopify.com/s/files/1/0943/6856/3585/files/07_80baf681-92ba-48a7-87f1-fdb30ce4c370.jpg?v=1788127352
meisterwerk-0830	08	https://cdn.shopify.com/s/files/1/0943/6856/3585/files/08.jpg?v=1788127357
